Australia	NSW01	2020|EPI_ISL_407893|2020-01-24	0011
Australia	NSW02	2020|EPI_ISL_408976|2020-01-22	1100
Australia	NSW03	2020|EPI_ISL_408977|2020-01-25	1100
Australia	NSW04	2020|EPI_ISL_417030|2020-01-24	0011
Australia	NSW05	2020|EPI_ISL_412975|2020-02-28	1100
Australia	NSW06	2020|EPI_ISL_413213|2020-02-29	1100
Australia	NSW07	2020|EPI_ISL_413214|2020-02-29	1100
Australia	NSW08	2020|EPI_ISL_413594|2020-02-28	1100
Australia	NSW09	2020|EPI_ISL_413595|2020-02-28	1100
Australia	NSW10	2020|EPI_ISL_413596|2020-02-28	1100
Australia	NSW11	2020|EPI_ISL_413597|2020-03-02	1100
Australia	NSW12	2020|EPI_ISL_413598|2020-03-04	1100
Australia	NSW13	2020|EPI_ISL_413599|2020-03-04	1100
Australia	NSW14	2020|EPI_ISL_413600|2020-03-03	1100
Australia	NSW15	2020|EPI_ISL_417383|2020-03-03	1100
Australia	NSW18	2020|EPI_ISL_417384|2020-03-05	1100
Australia	NSW19	2020|EPI_ISL_417385|2020-03-06	1100
Australia	NSW21	2020|EPI_ISL_417386|2020-03-04	1100
Australia	NSW24	2020|EPI_ISL_417387|2020-03-06	1100
Australia	NSW25	2020|EPI_ISL_417388|2020-03-05	1100
Australia	NSW26	2020|EPI_ISL_417389|2020-03-09	1100
Australia	NSW27	2020|EPI_ISL_417390|2020-03-08	1100
Australia	NSW28	2020|EPI_ISL_417391|2020-03-08	1100
Australia	NSW35	2020|EPI_ISL_417393|2020-03-08	1100
Australia	NSW36	2020|EPI_ISL_417394|2020-03-10	1100
Australia	NSW37	2020|EPI_ISL_417395|2020-03-10	0011
Australia	NSW38	2020|EPI_ISL_417396|2020-03-10	1100
Australia	NSW39	2020|EPI_ISL_417397|2020-03-11	1100
Australia	NSW40	2020|EPI_ISL_417398|2020-03-11	1100
Australia	NSW41	2020|EPI_ISL_417399|2020-03-10	1100
Australia	NSW44	2020|EPI_ISL_417400|2020-03-10	1100
Australia	NSW45	2020|EPI_ISL_417401|2020-03-13	1100
Australia	NSW47	2020|EPI_ISL_417402|2020-03-13	1100
Australia	NSW48	2020|EPI_ISL_417403|2020-03-14	1100
Australia	NSW50	2020|EPI_ISL_417404|2020-03-12	1100
Australia	NSW52	2020|EPI_ISL_417405|2020-03-11	1100
Australia	NSW53	2020|EPI_ISL_417406|2020-03-11	1100
Australia	NSW54	2020|EPI_ISL_417407|2020-03-14	1100
Australia	NSW56	2020|EPI_ISL_417408|2020-03-17	1100
Australia	NSW57	2020|EPI_ISL_417409|2020-03-16	1100
Australia	NSW58	2020|EPI_ISL_417410|2020-03-16	1100
Australia	NSW61	2020|EPI_ISL_417411|2020-03-17	1100
Australia	NSW62	2020|EPI_ISL_417412|2020-03-17	1100
Australia	QLD01	2020|EPI_ISL_407894|2020-01-28	0011
Australia	QLD02	2020|EPI_ISL_407896|2020-01-30	0011
Australia	QLD03	2020|EPI_ISL_410717|2020-02-05	0011
Australia	QLD04	2020|EPI_ISL_410718|2020-02-05	0011
Australia	QLD09	2020|EPI_ISL_414414|2020-02-29	1100
Australia	QLDID919	2020|EPI_ISL_417031|2020-03-11	0011
Australia	QLDID920	2020|EPI_ISL_417032|2020-03-11	1100
Australia	QLDID921	2020|EPI_ISL_417033|2020-03-11	1100
Australia	VIC01	2020|EPI_ISL_406844|2020-01-25	1100
Australia	VIC02	2020|EPI_ISL_416410|2020-01-24	1100
Australia	VIC03	2020|EPI_ISL_416411|2020-01-25	1100
Australia	VIC04	2020|EPI_ISL_416412|2020-03-02	1100
Australia	VIC05	2020|EPI_ISL_416413|2020-03-05	0011
Australia	VIC06	2020|EPI_ISL_416414|2020-03-06	1100
Australia	VIC07	2020|EPI_ISL_416415|2020-02-08	0011
Australia	VIC08	2020|EPI_ISL_416514|2020-03-15	0011
Australia	VIC09	2020|EPI_ISL_416515|2020-03-15	1100
Australia	VIC10	2020|EPI_ISL_416516|2020-03-16	1100
bat	Yunnan	RaTG13	2013|EPI_ISL_402131|2013-07-24	0011
Beijing	105	2020|EPI_ISL_413518|2020-01-26	0011
Beijing	231	2020|EPI_ISL_413519|2020-01-28	0011
Beijing	233	2020|EPI_ISL_413520|2020-01-28	0011
Beijing	235	2020|EPI_ISL_413521|2020-01-28	0011
Beijing	IVDC-BJ-005	2020|EPI_ISL_408485|2020-01-18	0011
Belgium	BA-02291	2020|EPI_ISL_415159|2020-02-29	1100
Belgium	BC-03016	2020|EPI_ISL_415157|2020-03-01	1100
Belgium	BM-03012	2020|EPI_ISL_415154|2020-03-01	1100
Belgium	DB-03023	2020|EPI_ISL_416470|2020-03-02	1100
Belgium	DBA-03032	2020|EPI_ISL_416475|2020-03-03	1100
Belgium	DBD-03024	2020|EPI_ISL_416471|2020-03-02	1100
Belgium	DHWM-03041	2020|EPI_ISL_417422|2020-03-04	1100
Belgium	FR-03029	2020|EPI_ISL_417428|2020-03-02	1100
Belgium	GHB-03021	2020|EPI_ISL_407976|2020-02-03	0011
Belgium	GMH-03022	2020|EPI_ISL_416468|2020-03-02	1100
Belgium	KA-03042	2020|EPI_ISL_417424|2020-03-04	1100
Belgium	MMJ-03034	2020|EPI_ISL_417429|2020-03-03	1100
Belgium	MTR-03021	2020|EPI_ISL_416467|2020-03-02	1100
Belgium	MTR-03026	2020|EPI_ISL_416476|2020-03-02	1100
Belgium	QKJ-03015	2020|EPI_ISL_415158|2020-03-01	1100
Belgium	RT-03035	2020|EPI_ISL_417430|2020-03-03	1100
Belgium	SH-03014	2020|EPI_ISL_415156|2020-03-01	1100
Belgium	SN-03031	2020|EPI_ISL_416469|2020-03-03	1100
Belgium	SQ-03043	2020|EPI_ISL_417426|2020-03-04	1100
Belgium	ULG-2971	2020|EPI_ISL_416997|2020-03-05	1100
Belgium	ULG-3000	2020|EPI_ISL_417004|2020-03-05	1100
Belgium	ULG-3163	2020|EPI_ISL_417006|2020-03-05	1100
Belgium	ULG-3662	2020|EPI_ISL_417008|2020-03-07	1100
Belgium	ULG-3665	2020|EPI_ISL_417009|2020-03-07	1100
Belgium	ULG-3843	2020|EPI_ISL_417012|2020-03-08	1100
Belgium	ULG-4163	2020|EPI_ISL_417013|2020-03-09	1100
Belgium	ULG-6216	2020|EPI_ISL_417014|2020-03-13	1100
Belgium	ULG-6457	2020|EPI_ISL_417015|2020-03-13	1100
Belgium	ULG-6503	2020|EPI_ISL_417016|2020-03-13	1100
Belgium	ULG-6638	2020|EPI_ISL_417017|2020-03-14	1100
Belgium	ULG-6670	2020|EPI_ISL_417018|2020-03-14	1100
Belgium	ULG-6754	2020|EPI_ISL_417019|2020-03-14	1100
Belgium	ULG-6939	2020|EPI_ISL_417020|2020-03-15	1100
Belgium	ULG-6942	2020|EPI_ISL_417021|2020-03-15	1100
Belgium	ULG-6948	2020|EPI_ISL_417022|2020-03-15	1100
Belgium	ULG-6950	2020|EPI_ISL_417023|2020-03-15	1100
Belgium	ULG-6972	2020|EPI_ISL_417024|2020-03-15	1100
Belgium	ULG-7019	2020|EPI_ISL_417025|2020-03-15	1100
Belgium	UMF-03025	2020|EPI_ISL_416472|2020-03-02	1100
Belgium	VAG-03013	2020|EPI_ISL_415155|2020-03-01	1100
Belgium	VBK-03061	2020|EPI_ISL_417425|2020-03-06	1100
Belgium	VI-03027	2020|EPI_ISL_417427|2020-03-02	1100
Belgium	VLM-03011	2020|EPI_ISL_415153|2020-03-03	1100
Brazil	AMBR-02	2020|EPI_ISL_417034|2020-03-16	0011
Brazil	BA-312	2020|EPI_ISL_415105|2020-03-04	1100
Brazil	ES-225	2020|EPI_ISL_415128|2020-02-29	1100
Brazil	RJ-314	2020|EPI_ISL_414045|2020-03-04	1100
Brazil	SPBR-01	2020|EPI_ISL_412964|2020-02-25	1100
Brazil	SPBR-02	2020|EPI_ISL_413016|2020-02-28	1100
Brazil	SPBR-03	2020|EPI_ISL_414014|2020-03-02	1100
Brazil	SPBR-04	2020|EPI_ISL_414017|2020-03-04	1100
Brazil	SPBR-05	2020|EPI_ISL_414016|2020-02-29	1100
Brazil	SPBR-06	2020|EPI_ISL_414015|2020-02-29	1100
Brazil	SPBR-07	2020|EPI_ISL_416028|2020-03-03	1100
Brazil	SPBR-08	2020|EPI_ISL_416029|2020-03-04	1100
Brazil	SPBR-09	2020|EPI_ISL_416031|2020-03-04	1100
Brazil	SPBR-10	2020|EPI_ISL_416032|2020-03-04	1100
Brazil	SPBR-11	2020|EPI_ISL_416033|2020-03-03	1100
Brazil	SPBR-12	2020|EPI_ISL_416034|2020-03-04	1100
Brazil	SPBR-13	2020|EPI_ISL_416035|2020-03-05	1100
Brazil	SPBR-14	2020|EPI_ISL_416036|2020-03-05	1100
Cambodia	0012	2020|EPI_ISL_411902|2020-01-27	1100
Canada	BC_02421	2020|EPI_ISL_415581|2020-03-01	1100
Canada	BC_40860	2020|EPI_ISL_415583|2020-03-03	1100
Canada	BC_41851	2020|EPI_ISL_415584|2020-03-02	0011
Canada	BC_83109	2020|EPI_ISL_415588|2020-03-05	0011
Canada	ON-PHL2445	2020|EPI_ISL_413014|2020-01-25	1100
Chile	Santiago-1	2020|EPI_ISL_414579|2020-03-03	0011
Chile	Santiago-2	2020|EPI_ISL_414580|2020-03-05	1100
Chile	Santiago_op2d1	2020|EPI_ISL_415658|2020-03-06	0011
Chile	Santiago_op3d1	2020|EPI_ISL_415660|2020-03-07	0011
Chile	Santiago_op4d1	2020|EPI_ISL_415661|2020-03-08	0011
Chile	Talca-1	2020|EPI_ISL_414577|2020-03-02	0011
Chile	Talca-2	2020|EPI_ISL_414578|2020-03-04	0011
China	IQTC01	2020|EPI_ISL_412966|2020-02-05	1100
China	IQTC02	2020|EPI_ISL_412967|2020-01-29	1100
China	WF0001	2020|EPI_ISL_413691|2020-01	0011
China	WF0002	2020|EPI_ISL_413692|2020-01	1100
China	WF0003	2020|EPI_ISL_413693|2020-01	1100
China	WF0004	2020|EPI_ISL_413694|2020-01	1100
China	WF0012	2020|EPI_ISL_413697|2020-02	0011
China	WF0014	2020|EPI_ISL_413711|2020-02	0011
China	WF0015	2020|EPI_ISL_413729|2020-02	0011
China	WF0016	2020|EPI_ISL_413746|2020-02	0011
China	WF0018	2020|EPI_ISL_413748|2020-02	0011
China	WF0019	2020|EPI_ISL_413749|2020-02	0011
China	WF0020	2020|EPI_ISL_413750|2020-02	0011
China	WF0026	2020|EPI_ISL_413761|2020-02	0011
China	WF0028	2020|EPI_ISL_413791|2020-02	0011
China	WF0029	2020|EPI_ISL_413809|2020-02	0011
China	WH-09	2020|EPI_ISL_411957|2020-01-08	1100
China	WHU01	2020|EPI_ISL_406716|2020-01-02	1100
China	WHU02	2020|EPI_ISL_406717|2020-01-02	1100
Chongqing	IVDC-CQ-001	2020|EPI_ISL_408481|2020-01-18	1100
Chongqing	YC01	2020|EPI_ISL_408478|2020-01-21	0011
Chongqing	ZX01	2020|EPI_ISL_408479|2020-01-23	1100
Congo	KN-0054	2020|EPI_ISL_417437|2020-03-17	1100
Congo	KN-0058	2020|EPI_ISL_417438|2020-03-17	1100
Congo	KN-0060	2020|EPI_ISL_417440|2020-03-17	1100
Congo	KN-0072	2020|EPI_ISL_417442|2020-03-18	1100
Czech-Republic	951	2020|EPI_ISL_414477|2020-03-01	1100
Czech-Republic	ChVir1630	2020|EPI_ISL_416742|2020-02	1100
Czech-Republic	ChVir1912	2020|EPI_ISL_416743|2020-03	1100
deCODE_LUH_1	2020|EPI_ISL_417481|2020-03-13	1100
Denmark	SSI-01	2020|EPI_ISL_416142|2020-02-26	1100
Denmark	SSI-02	2020|EPI_ISL_416143|2020-02-28	1100
Denmark	SSI-03	2020|EPI_ISL_416144|2020-03-01	1100
Denmark	SSI-04	2020|EPI_ISL_416153|2020-03-02	1100
Denmark	SSI-05	2020|EPI_ISL_416140|2020-03-02	1100
Denmark	SSI-09	2020|EPI_ISL_416141|2020-03-03	1100
Denmark	SSI-101	2020|EPI_ISL_415646|2020-03-03	1100
Denmark	SSI-102	2020|EPI_ISL_415647|2020-03-03	1100
Denmark	SSI-104	2020|EPI_ISL_415648|2020-03-03	1100
England	01	2020|EPI_ISL_407071|2020-01-29	0011
England	02	2020|EPI_ISL_407073|2020-01-29	0011
England	09c	2020|EPI_ISL_412116|2020-02-09	1100
England	200940527	2020|EPI_ISL_414005|2020-02-25	1100
England	200960041	2020|EPI_ISL_414008|2020-02-27	1100
England	200960515	2020|EPI_ISL_414009|2020-02-25	1100
England	200981386	2020|EPI_ISL_414010|2020-02-26	1100
England	200990002	2020|EPI_ISL_414522|2020-02-28	1100
England	200990006	2020|EPI_ISL_414011|2020-02-26	1100
England	20099038206	2020|EPI_ISL_415129|2020-02-29	1100
England	200990660	2020|EPI_ISL_414523|2020-02-27	1100
England	200990723	2020|EPI_ISL_414012|2020-02-27	1100
England	200990724	2020|EPI_ISL_414006|2020-02-28	1100
England	200990725	2020|EPI_ISL_414007|2020-02-28	1100
England	200991076	2020|EPI_ISL_414524|2020-03-01	1100
England	201000003	2020|EPI_ISL_414013|2020-03-01	1100
England	20100004806	2020|EPI_ISL_415134|2020-02-29	1100
England	20100022706	2020|EPI_ISL_415136|2020-02-29	1100
England	20100121007	2020|EPI_ISL_415141|2020-02-29	1100
England	20100122106	2020|EPI_ISL_415142|2020-03-02	1100
England	20102000506	2020|EPI_ISL_415147|2020-03-01	1100
England	20102068502	2020|EPI_ISL_417213|2020-03-01	1100
England	20102098802	2020|EPI_ISL_417217|2020-03-01	1100
England	20104003002	2020|EPI_ISL_417222|2020-03-04	1100
England	20104004902	2020|EPI_ISL_417226|2020-03-02	1100
England	20104007503	2020|EPI_ISL_417227|2020-03-03	1100
England	201040081	2020|EPI_ISL_414525|2020-03-02	1100
England	20104008402	2020|EPI_ISL_417228|2020-03-03	1100
England	20104008702	2020|EPI_ISL_417230|2020-03-02	1100
England	20104008802	2020|EPI_ISL_417231|2020-03-03	1100
England	20104008902	2020|EPI_ISL_417232|2020-03-04	1100
England	20104009002	2020|EPI_ISL_417233|2020-03-02	1100
England	20104009102	2020|EPI_ISL_417234|2020-03-02	1100
England	20104013703	2020|EPI_ISL_417235|2020-03-02	1100
England	201040141	2020|EPI_ISL_414526|2020-03-03	1100
England	20104015302	2020|EPI_ISL_417236|2020-03-01	1100
England	20104035803	2020|EPI_ISL_417238|2020-03-03	1100
England	20106004803	2020|EPI_ISL_417240|2020-03-03	1100
England	20106005403	2020|EPI_ISL_417244|2020-03-03	1100
England	20106145903	2020|EPI_ISL_417246|2020-03-03	1100
England	20108003302	2020|EPI_ISL_417248|2020-03-03	1100
England	20108004702	2020|EPI_ISL_417250|2020-03-02	1100
England	20108006003	2020|EPI_ISL_417252|2020-03-05	1100
England	20108006802	2020|EPI_ISL_417254|2020-03-04	1100
England	20108007002	2020|EPI_ISL_417255|2020-03-04	1100
England	20108007302	2020|EPI_ISL_417256|2020-03-03	1100
England	20108034006	2020|EPI_ISL_417258|2020-03-06	1100
England	20109035906	2020|EPI_ISL_417260|2020-03-05	1100
England	20109039306	2020|EPI_ISL_417262|2020-03-06	1100
England	20109050406	2020|EPI_ISL_417265|2020-03-08	1100
England	20109050506	2020|EPI_ISL_417266|2020-03-05	1100
England	20109050606	2020|EPI_ISL_417267|2020-03-05	1100
England	20109050706	2020|EPI_ISL_417268|2020-03-05	1100
England	20109050806	2020|EPI_ISL_417269|2020-03-05	1100
England	20109051806	2020|EPI_ISL_417270|2020-03-06	1100
England	20109052006	2020|EPI_ISL_417272|2020-03-06	1100
England	20109053606	2020|EPI_ISL_417279|2020-03-07	1100
England	20109054806	2020|EPI_ISL_417280|2020-03-07	1100
England	20109056906	2020|EPI_ISL_417282|2020-03-05	1100
England	20109093806	2020|EPI_ISL_417287|2020-03-06	1100
England	20109094006	2020|EPI_ISL_417289|2020-03-06	1100
England	20109094106	2020|EPI_ISL_417290|2020-03-06	1100
England	20109094206	2020|EPI_ISL_417291|2020-03-08	1100
England	20109094506	2020|EPI_ISL_417292|2020-03-08	1100
England	20109097506	2020|EPI_ISL_417293|2020-03-08	1100
England	20109098806	2020|EPI_ISL_417295|2020-03-08	1100
England	20109099006	2020|EPI_ISL_417297|2020-03-06	1100
England	20109099106	2020|EPI_ISL_417298|2020-03-08	1100
England	20109099206	2020|EPI_ISL_417299|2020-03-08	1100
England	20110000606	2020|EPI_ISL_417301|2020-03-06	1100
England	20110000706	2020|EPI_ISL_417302|2020-03-05	1100
England	20110003506	2020|EPI_ISL_415150|2020-03-09	1100
England	20110023706	2020|EPI_ISL_417307|2020-03-08	1100
England	20110058706	2020|EPI_ISL_417311|2020-03-09	1100
England	20112112106	2020|EPI_ISL_417314|2020-03-10	1100
England	20118044606	2020|EPI_ISL_417315|2020-03-13	1100
England	SHEF-BFCB1	2020|EPI_ISL_416730|2020-03-03	1100
England	SHEF-BFCC0	2020|EPI_ISL_416731|2020-03-03	1100
England	SHEF-BFCDF	2020|EPI_ISL_416732|2020-03-03	1100
England	SHEF-BFCEE	2020|EPI_ISL_416733|2020-03-07	1100
England	SHEF-BFCFD	2020|EPI_ISL_416734|2020-03-09	1100
England	SHEF-BFD45	2020|EPI_ISL_416739|2020-03-09	1100
England	SHEF-BFD54	2020|EPI_ISL_416740|2020-03-03	1100
England	Sheff01	2020|EPI_ISL_414500|2020-03-04	1100
England	Sheff02	2020|EPI_ISL_414501|2020-03-03	1100
Finland	1	2020|EPI_ISL_407079|2020-01-29	1100
Finland	FIN03032020A	2020|EPI_ISL_413602|2020-03-03	1100
Finland	FIN03032020B	2020|EPI_ISL_413603|2020-03-03	1100
Finland	FIN03032020C	2020|EPI_ISL_413604|2020-03-03	1100
Finland	FIN-266	2020|EPI_ISL_414646|2020-03-04	1100
Finland	FIN-313	2020|EPI_ISL_414641|2020-03-05	1100
Finland	FIN-455	2020|EPI_ISL_414642|2020-03-08	1100
Finland	FIN-508	2020|EPI_ISL_414643|2020-03-07	1100
Foshan	20SF207	2020|EPI_ISL_406534|2020-01-22	1100
Foshan	20SF210	2020|EPI_ISL_406535|2020-01-22	1100
Foshan	20SF211	2020|EPI_ISL_406536|2020-01-22	1100
France	B2330	2020|EPI_ISL_416502|2020-02-26	1100
France	B2334	2020|EPI_ISL_416503|2020-03-01	1100
France	B2335	2020|EPI_ISL_416504|2020-03-02	1100
France	B2336	2020|EPI_ISL_416505|2020-03-02	1100
France	B2337	2020|EPI_ISL_416506|2020-03-03	1100
France	B2340	2020|EPI_ISL_416507|2020-03-05	1100
France	B2343	2020|EPI_ISL_416508|2020-03-06	1100
France	B2344	2020|EPI_ISL_416509|2020-03-06	1100
France	B2346	2020|EPI_ISL_416510|2020-03-06	1100
France	B2348	2020|EPI_ISL_416511|2020-03-07	1100
France	B2349	2020|EPI_ISL_416512|2020-03-07	1100
France	B2351	2020|EPI_ISL_416513|2020-03-07	1100
France	BFC2094	2020|EPI_ISL_415651|2020-03-05	1100
France	BFC2147	2020|EPI_ISL_415652|2020-03-05	1100
France	Bourg-en-Bresse_06678	2020|EPI_ISL_416757|2020-03-07	1100
France	Bourg-en-Bresse_06813	2020|EPI_ISL_417340|2020-03-07	1100
France	Clermont-Ferrand_650	2020|EPI_ISL_416752|2020-03-04	1100
France	Clermont-Ferrand_651	2020|EPI_ISL_416751|2020-03-05	1100
France	GE1583	2020|EPI_ISL_414600|2020-02-26	0011
France	GE1583	2020|EPI_ISL_414623|2020-02-25	0011
France	GE1973	2020|EPI_ISL_414631|2020-03-04	1100
France	GE1977	2020|EPI_ISL_414632|2020-03-04	1100
France	HF1684	2020|EPI_ISL_414626|2020-02-29	1100
France	HF1795	2020|EPI_ISL_414627|2020-03-02	1100
France	HF1805	2020|EPI_ISL_414628|2020-03-02	1100
France	HF1870	2020|EPI_ISL_414629|2020-03-03	1100
France	HF1871	2020|EPI_ISL_414630|2020-03-03	1100
France	HF1988	2020|EPI_ISL_414635|2020-03-04	1100
France	HF1993	2020|EPI_ISL_414637|2020-03-04	1100
France	HF1995	2020|EPI_ISL_414638|2020-03-04	1100
France	HF2039	2020|EPI_ISL_415649|2020-03-05	1100
France	HF2174	2020|EPI_ISL_415654|2020-03-09	1100
France	HF2196	2020|EPI_ISL_416493|2020-03-08	1100
France	HF2234	2020|EPI_ISL_416495|2020-03-10	1100
France	HF2237	2020|EPI_ISL_416496|2020-03-10	1100
France	HF2239	2020|EPI_ISL_416497|2020-03-10	1100
France	IDF0372	2020|EPI_ISL_406596|2020-01-23	1100
France	IDF0372-isl	2020|EPI_ISL_410720|2020-01-23	1100
France	IDF0373	2020|EPI_ISL_406597|2020-01-23	1100
France	IDF0386-islP1	2020|EPI_ISL_411219|2020-01-28	1100
France	IDF0386-islP3	2020|EPI_ISL_411220|2020-01-28	1100
France	IDF0515	2020|EPI_ISL_408430|2020-01-29	1100
France	IDF0515-isl	2020|EPI_ISL_410984|2020-01-29	1100
France	IDF0571	2020|EPI_ISL_411218|2020-02-02	1100
France	IDF0626	2020|EPI_ISL_408431|2020-01-29	1100
France	IDF1980	2020|EPI_ISL_414633|2020-03-04	1100
France	IDF2075	2020|EPI_ISL_415650|2020-03-02	1100
France	IDF2256	2020|EPI_ISL_416498|2020-03-11	1100
France	IDF2278	2020|EPI_ISL_416499|2020-03-11	1100
France	IDF2284	2020|EPI_ISL_416501|2020-03-10	1000
France	Lyon_06042	2020|EPI_ISL_417333|2020-03-04	1100
France	Lyon_06056	2020|EPI_ISL_417334|2020-03-04	1100
France	Lyon_06464-	2020|EPI_ISL_416753|2020-03-06	1100
France	Lyon_06487	2020|EPI_ISL_416754|2020-03-06	1100
France	Lyon_06531	2020|EPI_ISL_416756|2020-03-06	1100
France	Lyon_06625	2020|EPI_ISL_417337|2020-03-07	1100
France	Lyon_0668	2020|EPI_ISL_417336|2020-03-06	1100
France	Lyon_06820	2020|EPI_ISL_417339|2020-03-08	1100
France	Lyon_0693	2020|EPI_ISL_416758|2020-03-08	1100
France	Lyon_487	2020|EPI_ISL_416747|2020-03-04	1100
France	Lyon_508	2020|EPI_ISL_416748|2020-03-04	1100
France	Lyon_683	2020|EPI_ISL_416750|2020-03-06	1100
France	Macon_06756	2020|EPI_ISL_417338|2020-03-07	1100
France	N1620	2020|EPI_ISL_414624|2020-02-26	1100
France	N2223	2020|EPI_ISL_416494|2020-03-04	1100
France	PL1643	2020|EPI_ISL_414625|2020-02-26	1100
France	Pollionay_1733	2020|EPI_ISL_416745|2020-03-10	1100
France	Valence_425	2020|EPI_ISL_416746|2020-03-03	1100
France	Valence_532	2020|EPI_ISL_416749|2020-03-04	1100
Fujian	13	2020|EPI_ISL_411066|2020-01-22	1100
Fujian	8	2020|EPI_ISL_411060|2020-01-21	0011
Georgia	Tb	2020|EPI_ISL_416482|2020-03-13	1100
Georgia	Tb-273	2020|EPI_ISL_416479|2020-03-05	1100
Georgia	Tb-390	2020|EPI_ISL_416477|2020-03-08	0011
Georgia	Tb-468	2020|EPI_ISL_415643|2020-03-10	1100
Georgia	Tb-477	2020|EPI_ISL_415642|2020-03-10	1100
Georgia	Tb-537	2020|EPI_ISL_416480|2020-03-11	1100
Georgia	Tb-54	2020|EPI_ISL_415641|2020-02-27	1100
Georgia	Tb-673	2020|EPI_ISL_416478|2020-03-14	1100
Georgia	Tb-712	2020|EPI_ISL_416481|2020-03-16	1100
Georgia	Tb-82	2020|EPI_ISL_415644|2020-02-28	1100
Germany	Baden-Wuerttemberg-1	2020|EPI_ISL_412912|2020-02-25	1100
Germany	BavPat1	2020|EPI_ISL_406862|2020-01-28	1100
Germany	BavPat2	2020|EPI_ISL_414520|2020-03-02	1100
Germany	BavPat3	2020|EPI_ISL_414521|2020-03-02	0011
Germany	NRW-01	2020|EPI_ISL_413488|2020-02-28	1100
Germany	NRW-02-1	2020|EPI_ISL_414497|2020-02-25	1100
Germany	NRW-04	2020|EPI_ISL_414499|2020-02-26	1100
Germany	NRW-06	2020|EPI_ISL_414505|2020-02-27	1100
Germany	NRW-09	2020|EPI_ISL_414509|2020-02-28	1100
Germany	NRW-12	2020|EPI_ISL_417457|2020-03-10	1100
Germany	NRW-13	2020|EPI_ISL_417458|2020-03-11	1100
Germany	NRW-14	2020|EPI_ISL_417459|2020-03-11	1100
Germany	NRW-15	2020|EPI_ISL_417460|2020-03-11	1100
Germany	NRW-16	2020|EPI_ISL_417461|2020-03-11	1100
Germany	NRW-17	2020|EPI_ISL_417462|2020-03-11	1100
Germany	NRW-18	2020|EPI_ISL_417463|2020-03-13	1100
Germany	NRW-19	2020|EPI_ISL_417464|2020-03-14	1100
Germany	NRW-20	2020|EPI_ISL_417465|2020-03-14	1100
Germany	NRW-21	2020|EPI_ISL_417466|2020-03-14	1100
Germany	NRW-22	2020|EPI_ISL_417467|2020-03-15	1100
Germany	NRW-23	2020|EPI_ISL_417468|2020-03-16	1100
Guangdong	2020XN4243-P0035	2020|EPI_ISL_413853|2020-01-30	0011
Guangdong	2020XN4273-P0036	2020|EPI_ISL_413860|2020-01-30	0011
Guangdong	2020XN4373-P0039	2020|EPI_ISL_413851|2020-01-30	1100
Guangdong	2020XN4433-P0040	2020|EPI_ISL_413852|2020-01-30	1100
Guangdong	2020XN4448-P0002	2020|EPI_ISL_413857|2020-01-31	1100
Guangdong	2020XN4459-P0041	2020|EPI_ISL_413858|2020-01-30	0011
Guangdong	2020XN4475-P0042	2020|EPI_ISL_413854|2020-01-30	0011
Guangdong	20SF012	2020|EPI_ISL_403932|2020-01-14	0011
Guangdong	20SF013	2020|EPI_ISL_403933|2020-01-15	0011
Guangdong	20SF014	2020|EPI_ISL_403934|2020-01-15	1100
Guangdong	20SF025	2020|EPI_ISL_403935|2020-01-15	0011
Guangdong	20SF028	2020|EPI_ISL_403936|2020-01-17	1100
Guangdong	20SF040	2020|EPI_ISL_403937|2020-01-18	1100
Guangdong	20SF174	2020|EPI_ISL_406531|2020-01-22	1100
Guangdong	20SF201	2020|EPI_ISL_406538|2020-01-23	1100
Guangdong	GD2020080-P0010	2020|EPI_ISL_413861|2020-02-01	1100
Guangdong	GD2020086-P0021	2020|EPI_ISL_413862|2020-02-01	0011
Guangdong	GD2020087-P0008	2020|EPI_ISL_413863|2020-02-01	1100
Guangdong	GD2020233-P0027	2020|EPI_ISL_413856|2020-02-07	0011
Guangdong	GD2020234-P0023	2020|EPI_ISL_413855|2020-02-07	0011
Guangdong	GD2020246-P0028	2020|EPI_ISL_413864|2020-02-09	1100
Guangdong	GDSZ202015-P0019	2020|EPI_ISL_413867|2020-02-05	0011
Guangzhou	20SF206	2020|EPI_ISL_406533|2020-01-22	1100
Guangzhou	GZMU0014	2020|EPI_ISL_414692|2020-02-25	1100
Guangzhou	GZMU0016	2020|EPI_ISL_414663|2020-02-25	0011
Guangzhou	GZMU0030	2020|EPI_ISL_414686|2020-02-27	1100
Guangzhou	GZMU0031	2020|EPI_ISL_414687|2020-02-25	1100
Guangzhou	GZMU0042	2020|EPI_ISL_414688|2020-02-25	0011
Guangzhou	GZMU0044	2020|EPI_ISL_414689|2020-02-25	0011
Guangzhou	GZMU0047	2020|EPI_ISL_414690|2020-02-25	0011
Guangzhou	GZMU0048	2020|EPI_ISL_414691|2020-02-25	0011
Hangzhou	HZ-1	2020|EPI_ISL_406970|2020-01-20	1100
Hangzhou	HZCDC0001	2020|EPI_ISL_407313|2020-01-19	1100
Hangzhou	ZJU-01	2020|EPI_ISL_415709|2020-01-25	1100
Hangzhou	ZJU-02	2020|EPI_ISL_416042|2020-01-26	0011
Hangzhou	ZJU-03	2020|EPI_ISL_416044|2020-01-25	1100
Hangzhou	ZJU-04	2020|EPI_ISL_416046|2020-01-24	1100
Hangzhou	ZJU-05	2020|EPI_ISL_415711|2020-01-22	1100
Hangzhou	ZJU-06	2020|EPI_ISL_416047|2020-02-02	1100
Hangzhou	ZJU-07	2020|EPI_ISL_416425|2020-02-03	1100
Hangzhou	ZJU-08	2020|EPI_ISL_416473|2020-01-26	0011
Hangzhou	ZJU-09	2020|EPI_ISL_416474|2020-01-28	1100
Hefei	2	2020|EPI_ISL_412026|2020-02-23	1100
Hong-Kong	Case1_21012020	2020|EPI_ISL_417176|2020-01-21	0011
Hong-Kong	Case19_04022020	2020|EPI_ISL_417181|2020-02-05	1100
Hong-Kong	Case28_30012020	2020|EPI_ISL_417185|2020-02-09	1100
Hong-Kong	Case29_01022020	2020|EPI_ISL_417187|2020-02-08	1100
Hong-Kong	case2_VB20017970	2020|EPI_ISL_417064|2020-01-21	1100
Hong-Kong	Case30_29012020	2020|EPI_ISL_417188|2020-02-08	1100
Hong-Kong	Case32_04022020	2020|EPI_ISL_417193|2020-02-09	1100
Hong-Kong	Case34_30012020	2020|EPI_ISL_417197|2020-02-09	1100
Hong-Kong	case42_VM20002493	2020|EPI_ISL_414527|2020-02-09	1100
Hong-Kong	case48_VM20002507	2020|EPI_ISL_414528|2020-02-10	1100
Hong-Kong	case52_VM20002582	2020|EPI_ISL_414569|2020-02-12	1100
Hong-Kong	Case6_21012020	2020|EPI_ISL_417178|2020-01-25	1100
Hong-Kong	case78_VM20002849	2020|EPI_ISL_414571|2020-02-22	1100
Hong-Kong	case85_VM20002868	2020|EPI_ISL_414519|2020-02-24	1100
Hong-Kong	case90_VM20002907	2020|EPI_ISL_414517|2020-02-25	1100
Hong-Kong	CUHK1	2020|EPI_ISL_416314|2020-02-07	1100
Hong-Kong	VB20024950	2020|EPI_ISL_412029|2020-01-30	1100
Hong-Kong	VB20026565	2020|EPI_ISL_412030|2020-02-01	1100
Hong-Kong	VM20001061	2020|EPI_ISL_412028|2020-01-22	0011
Hungary	49	2020|EPI_ISL_416744|2020-03-20	1100
Hungary	mbl1	2020|EPI_ISL_416426|2020-03-17	1100
India	1-31	2020|EPI_ISL_413523|2020-01-31	0011
Ireland	COR-20134	2020|EPI_ISL_414487|2020-03-04	1100
Ireland	Limerick-19934	2020|EPI_ISL_414586|2020-03-03	1100
Ireland	Limerick-19935	2020|EPI_ISL_414587|2020-03-03	1100
Italy	CDG1	2020|EPI_ISL_412973|2020-02-20	1100
Italy	FVG-ICGEB_S1	2020|EPI_ISL_417418|2020-03-01	1100
Italy	FVG-ICGEB_S5	2020|EPI_ISL_417419|2020-03-01	1100
Italy	FVG-ICGEB_S8	2020|EPI_ISL_417421|2020-03-01	1100
Italy	FVG-ICGEB_S9	2020|EPI_ISL_417423|2020-03-01	1100
Italy	SPL1	2020|EPI_ISL_412974|2020-01-29	1100
Italy	UniMI03	2020|EPI_ISL_417447|2020-02-24	1100
Italy	UniSR1	2020|EPI_ISL_413489|2020-03-03	1100
Japan	DP0005	2020|EPI_ISL_416565|2020-02-15	1100
Japan	DP0027	2020|EPI_ISL_416566|2020-02-15	1100
Japan	DP0037	2020|EPI_ISL_416567|2020-02-15	1100
Japan	DP0059	2020|EPI_ISL_416569|2020-02-15	1100
Japan	DP0065	2020|EPI_ISL_416570|2020-02-15	1100
Japan	DP0077	2020|EPI_ISL_416571|2020-02-15	1100
Japan	DP0078	2020|EPI_ISL_416572|2020-02-15	1100
Japan	DP0104	2020|EPI_ISL_416573|2020-02-15	1100
Japan	DP0107	2020|EPI_ISL_416574|2020-02-15	1100
Japan	DP0121	2020|EPI_ISL_416575|2020-02-15	1100
Japan	DP0133	2020|EPI_ISL_416576|2020-02-15	1100
Japan	DP0134	2020|EPI_ISL_416577|2020-02-15	1100
Japan	DP0152	2020|EPI_ISL_416578|2020-02-15	1100
Japan	DP0158	2020|EPI_ISL_416579|2020-02-15	1100
Japan	DP0184	2020|EPI_ISL_416580|2020-02-15	1100
Japan	DP0190	2020|EPI_ISL_416581|2020-02-15	1100
Japan	DP0191	2020|EPI_ISL_416582|2020-02-15	1100
Japan	DP0196	2020|EPI_ISL_416583|2020-02-15	1100
Japan	DP0200	2020|EPI_ISL_416584|2020-02-15	1100
Japan	DP0236	2020|EPI_ISL_416585|2020-02-16	1100
Japan	DP0274	2020|EPI_ISL_416586|2020-02-16	1100
Japan	DP0278	2020|EPI_ISL_416587|2020-02-16	1100
Japan	DP0287	2020|EPI_ISL_416589|2020-02-16	1100
Japan	DP0289	2020|EPI_ISL_416590|2020-02-16	1100
Japan	DP0290	2020|EPI_ISL_416591|2020-02-16	1100
Japan	DP0294	2020|EPI_ISL_416592|2020-02-16	1100
Japan	DP0311	2020|EPI_ISL_416593|2020-02-16	1100
Japan	DP0319	2020|EPI_ISL_416594|2020-02-16	1100
Japan	DP0328	2020|EPI_ISL_416595|2020-02-16	1100
Japan	DP0344	2020|EPI_ISL_416596|2020-02-16	1100
Japan	DP0346	2020|EPI_ISL_416597|2020-02-16	1100
Japan	DP0357	2020|EPI_ISL_416598|2020-02-16	1100
Japan	DP0361	2020|EPI_ISL_416599|2020-02-16	1100
Japan	DP0438	2020|EPI_ISL_416600|2020-02-16	1100
Japan	DP0457	2020|EPI_ISL_416601|2020-02-16	1100
Japan	DP0462	2020|EPI_ISL_416602|2020-02-16	1100
Japan	DP0464	2020|EPI_ISL_416603|2020-02-16	1100
Japan	DP0476	2020|EPI_ISL_416604|2020-02-16	1100
Japan	DP0481	2020|EPI_ISL_416605|2020-02-16	1100
Japan	DP0482	2020|EPI_ISL_416606|2020-02-16	1100
Japan	DP0543	2020|EPI_ISL_416607|2020-02-17	1100
Japan	DP0544	2020|EPI_ISL_416608|2020-02-17	1100
Japan	DP0568	2020|EPI_ISL_416609|2020-02-17	1100
Japan	DP0588	2020|EPI_ISL_416610|2020-02-17	1100
Japan	DP0644	2020|EPI_ISL_416611|2020-02-17	1100
Japan	DP0645	2020|EPI_ISL_416612|2020-02-17	1100
Japan	DP0654	2020|EPI_ISL_416613|2020-02-17	1100
Japan	DP0687	2020|EPI_ISL_416614|2020-02-17	1100
Japan	DP0690	2020|EPI_ISL_416615|2020-02-17	0110
Japan	DP0699	2020|EPI_ISL_416617|2020-02-17	1100
Japan	DP0700	2020|EPI_ISL_416618|2020-02-17	1100
Japan	DP0703	2020|EPI_ISL_416619|2020-02-17	1100
Japan	DP0724	2020|EPI_ISL_416620|2020-02-17	1100
Japan	DP0743	2020|EPI_ISL_416621|2020-02-17	1100
Japan	DP0752	2020|EPI_ISL_416622|2020-02-17	1100
Japan	DP0764	2020|EPI_ISL_416624|2020-02-17	1100
Japan	DP0765	2020|EPI_ISL_416625|2020-02-17	1100
Japan	DP0779	2020|EPI_ISL_416626|2020-02-17	1100
Japan	DP0785	2020|EPI_ISL_416627|2020-02-17	1100
Japan	DP0786	2020|EPI_ISL_416628|2020-02-17	1100
Japan	DP0802	2020|EPI_ISL_416629|2020-02-17	1100
Japan	DP0803	2020|EPI_ISL_416630|2020-02-17	1100
Japan	DP0804	2020|EPI_ISL_416631|2020-02-17	1100
Japan	DP0827	2020|EPI_ISL_416632|2020-02-17	1100
Japan	DP0880	2020|EPI_ISL_416633|2020-02-17	1100
Japan	DP0890	2020|EPI_ISL_416634|2020-02-17	1100
Japan	Hu_DP_Kng_19-020	2020|EPI_ISL_412968|2020-02-10	1100
Japan	Hu_DP_Kng_19-027	2020|EPI_ISL_412969|2020-02-10	1100
Japan	KY-V-029	2020|EPI_ISL_408669|2020-01-29	1100
Japan	NA-20-05-1	2020|EPI_ISL_410531|2020-01-25	1100
Japan	OS-20-07-1	2020|EPI_ISL_410532|2020-01-23	1100
Japan	SMU-0311S2	2020|EPI_ISL_416524|2020-03-11	1100
Japan	SMU-0311S3	2020|EPI_ISL_416525|2020-03-11	1100
Japan	TK	20-31-3	2020|EPI_ISL_413459|2020-02-20	1100
Japan	TKYE6182	2020|EPI_ISL_414511|2020-01	1100
Japan	TY-WK-012	2020|EPI_ISL_408665|2020-01-29	0011
Japan	TY-WK-501	2020|EPI_ISL_408666|2020-01-31	0011
Japan	TY-WK-521	2020|EPI_ISL_408667|2020-01-31	0011
Jiangsu	IVDC-JS-001	2020|EPI_ISL_408488|2020-01-19	1100
Jiangsu	JS01	2020|EPI_ISL_411950|2020-01-23	1100
Jiangsu	JS02	2020|EPI_ISL_411952|2020-01-24	1100
Jiangsu	JS03	2020|EPI_ISL_411953|2020-01-24	1100
Jiangxi	IVDC-JX-002	2020|EPI_ISL_408486|2020-01-11	1100
Jingzhou	HBCDC-HB-01	2020|EPI_ISL_412459|2020-01-08	1100
Kuwait	KU09	2020|EPI_ISL_416541|2020-03-02	1100
Kuwait	KU12	2020|EPI_ISL_416458|2020-03-02	1100
Kuwait	KU17	2020|EPI_ISL_416542|2020-03-02	1100
Kuwait	KU18	2020|EPI_ISL_416543|2020-03-02	1100
Lithuania	ChVir1632	2020|EPI_ISL_416741|2020-02	1100
Luxembourg	Lux1	2020|EPI_ISL_413593|2020-02-29	1100
Malaysia	MKAK-CL-2020-5045	2020|EPI_ISL_416829|2020-02-20	1100
Malaysia	MKAK-CL-2020-5047	2020|EPI_ISL_416866|2020-02-20	1100
Malaysia	MKAK-CL-2020-5049	2020|EPI_ISL_416884|2020-02-20	1100
Malaysia	MKAK-CL-2020-6430	2020|EPI_ISL_416886|2020-02-20	0011
Malaysia	MKAK-CL-2020-7554	2020|EPI_ISL_416907|2020-02-20	1100
Mexico	CDMX-InDRE_01	2020|EPI_ISL_412972|2020-02-27	1100
NanChang	JX216	2020|EPI_ISL_417420|2020-03-21	1100
Nepal	61	2020|EPI_ISL_410301|2020-01-13	1100
Netherlands	Blaricum_1364780	2020|EPI_ISL_413566|2020-03-02	1100
Netherlands	Eindhoven_1363782	2020|EPI_ISL_413571|2020-03-02	1100
Netherlands	Flevoland_1	2020|EPI_ISL_415460|2020-03-09	1100
Netherlands	Gelderland_1	2020|EPI_ISL_414423|2020-03-02	1100
Netherlands	Gelderland_1	2020|EPI_ISL_415461|2020-03-10	0011
Netherlands	Gelderland_2	2020|EPI_ISL_415462|2020-03-09	1100
Netherlands	Gelderland_3	2020|EPI_ISL_415463|2020-03-09	1100
Netherlands	Haarlem_1363688	2020|EPI_ISL_413572|2020-03-01	1100
Netherlands	Helmond_1363548	2020|EPI_ISL_413574|2020-02-29	1100
Netherlands	Limburg_2	2020|EPI_ISL_414424|2020-03-03	1100
Netherlands	Limburg_3	2020|EPI_ISL_414425|2020-03-03	1100
Netherlands	Limburg_4	2020|EPI_ISL_414426|2020-03-03	1100
Netherlands	Limburg_5	2020|EPI_ISL_414448|2020-03-04	1100
Netherlands	Limburg_7	2020|EPI_ISL_415464|2020	1100
Netherlands	NA_10	2020|EPI_ISL_415466|2020-03-09	1100
Netherlands	NA_11	2020|EPI_ISL_415467|2020-03-10	1100
Netherlands	NA_1	2020|EPI_ISL_415465|2020-03-10	1100
Netherlands	NA_12	2020|EPI_ISL_415468|2020-03-10	1100
Netherlands	NA_13	2020|EPI_ISL_415469|2020-03-10	1100
Netherlands	NA_14	2020|EPI_ISL_415470|2020-03-10	1100
Netherlands	NA_15	2020|EPI_ISL_415471|2020-03-11	1100
Netherlands	NA_16	2020|EPI_ISL_415472|2020-03-11	1100
Netherlands	NA_17	2020|EPI_ISL_415473|2020-03-09	1100
Netherlands	NA_18	2020|EPI_ISL_415474|2020-03-09	1100
Netherlands	NA_19	2020|EPI_ISL_415475|2020-03-12	1100
Netherlands	NA_21	2020|EPI_ISL_415478|2020-03-08	1100
Netherlands	NA_2	2020|EPI_ISL_415476|2020-03-10	1100
Netherlands	NA_23	2020|EPI_ISL_415480|2020-03-09	1100
Netherlands	NA_24	2020|EPI_ISL_415481|2020-03-08	1100
Netherlands	NA_25	2020|EPI_ISL_415482|2020-03-09	1100
Netherlands	NA_26	2020|EPI_ISL_415483|2020-03-09	1100
Netherlands	NA_27	2020|EPI_ISL_415484|2020-03-13	1100
Netherlands	NA_28	2020|EPI_ISL_415485|2020-03-12	1100
Netherlands	NA_29	2020|EPI_ISL_415486|2020-03-13	1100
Netherlands	NA_30	2020|EPI_ISL_415487|2020-03-13	1100
Netherlands	NA_31	2020|EPI_ISL_415488|2020-03-13	1100
Netherlands	NA_34	2020|EPI_ISL_415491|2020-03-07	1100
Netherlands	NA_35	2020|EPI_ISL_415492|2020-03-10	1100
Netherlands	NA_6	2020|EPI_ISL_415495|2020-03-10	1100
Netherlands	NA_7	2020|EPI_ISL_415496|2020-03-09	1100
Netherlands	NA_8	2020|EPI_ISL_415497|2020-03-09	1100
Netherlands	NA_9	2020|EPI_ISL_415498|2020-03-09	1100
Netherlands	NoordBrabant_1	2020|EPI_ISL_414428|2020-03-02	1100
Netherlands	NoordBrabant_14	2020|EPI_ISL_414454|2020-03-05	1100
Netherlands	NoordBrabant_16	2020|EPI_ISL_414456|2020-03-04	1100
Netherlands	NoordBrabant_17	2020|EPI_ISL_414457|2020-03-06	1100
Netherlands	NoordBrabant_20	2020|EPI_ISL_414529|2020-03-04	1100
Netherlands	NoordBrabant_21	2020|EPI_ISL_414530|2020-03-04	1100
Netherlands	NoordBrabant_2	2020|EPI_ISL_414449|2020-03-03	1100
Netherlands	NoordBrabant_22	2020|EPI_ISL_414531|2020-03-04	1100
Netherlands	NoordBrabant_23	2020|EPI_ISL_414532|2020-03-05	1100
Netherlands	NoordBrabant_25	2020|EPI_ISL_414534|2020-03-06	1100
Netherlands	NoordBrabant_26	2020|EPI_ISL_414535|2020-03-06	1100
Netherlands	NoordBrabant_3	2020|EPI_ISL_414429|2020-03-02	1100
Netherlands	NoordBrabant_36	2020|EPI_ISL_414545|2020-03-03	1100
Netherlands	NoordBrabant_39	2020|EPI_ISL_414548|2020-03-04	1100
Netherlands	NoordBrabant_41	2020|EPI_ISL_415499|2020	1100
Netherlands	NoordBrabant_45	2020|EPI_ISL_415502|2020-03-09	1100
Netherlands	NoordBrabant_46	2020|EPI_ISL_415503|2020-03-11	0011
Netherlands	NoordBrabant_5	2020|EPI_ISL_414430|2020-03-05	1100
Netherlands	NoordBrabant_55	2020|EPI_ISL_415511|2020-03-09	1100
Netherlands	NoordBrabant_56	2020|EPI_ISL_415512|2020-03-09	1100
Netherlands	NoordBrabant_58	2020|EPI_ISL_415514|2020-03-11	1100
Netherlands	NoordBrabant_59	2020|EPI_ISL_415515|2020-03-11	1100
Netherlands	NoordBrabant_6	2020|EPI_ISL_414451|2020-03-06	1100
Netherlands	NoordBrabant_62	2020|EPI_ISL_415518|2020	1100
Netherlands	NoordBrabant_64	2020|EPI_ISL_415520|2020	1100
Netherlands	NoordBrabant_67	2020|EPI_ISL_415523|2020	1100
Netherlands	NoordHolland_1	2020|EPI_ISL_414433|2020-03-03	1100
Netherlands	NoordHolland_2	2020|EPI_ISL_414549|2020-03-03	1100
Netherlands	NoordHolland_3	2020|EPI_ISL_415525|2020-03-12	1100
Netherlands	Nootdorp_1364222	2020|EPI_ISL_413579|2020-03-03	1100
Netherlands	Overijssel_1	2020|EPI_ISL_414434|2020-03-03	1100
Netherlands	Overijssel_2	2020|EPI_ISL_414460|2020-03-03	1100
Netherlands	Rotterdam_1364740	2020|EPI_ISL_413584|2020-03-03	1100
Netherlands	Tilburg_1364286	2020|EPI_ISL_413587|2020-03-03	1100
Netherlands	Utrecht_10	2020|EPI_ISL_414442|2020-03-03	1100
Netherlands	Utrecht_11	2020|EPI_ISL_414443|2020-03-03	1100
Netherlands	Utrecht_1	2020|EPI_ISL_414435|2020-03-03	1100
Netherlands	Utrecht_13	2020|EPI_ISL_414463|2020-03-04	1100
Netherlands	Utrecht_13	2020|EPI_ISL_414552|2020-03-07	1100
Netherlands	Utrecht_1363564	2020|EPI_ISL_413588|2020-03-01	1100
Netherlands	Utrecht_1363628	2020|EPI_ISL_413589|2020-03-01	1100
Netherlands	Utrecht_14	2020|EPI_ISL_414464|2020-03-04	1100
Netherlands	Utrecht_15	2020|EPI_ISL_414554|2020-03-08	1100
Netherlands	Utrecht_16	2020|EPI_ISL_414555|2020-03-08	0011
Netherlands	Utrecht_17	2020|EPI_ISL_415526|2020-03-10	0011
Netherlands	Utrecht_18	2020|EPI_ISL_415527|2020-03-12	1100
Netherlands	Utrecht_2	2020|EPI_ISL_414436|2020-03-03	1100
Netherlands	Utrecht_3	2020|EPI_ISL_414437|2020-03-03	1100
Netherlands	Utrecht_4	2020|EPI_ISL_414438|2020-03-03	1100
Netherlands	Utrecht_5	2020|EPI_ISL_414439|2020-03-02	1100
Netherlands	Utrecht_6	2020|EPI_ISL_414461|2020-03-04	1100
Netherlands	Utrecht_7	2020|EPI_ISL_414440|2020-03-03	1100
Netherlands	Utrecht_8	2020|EPI_ISL_414441|2020-03-03	1100
Netherlands	Zeewolde_1365080	2020|EPI_ISL_413591|2020-03-02	1100
Netherlands	ZuidHolland_10	2020|EPI_ISL_414446|2020-03-03	1100
Netherlands	ZuidHolland_11	2020|EPI_ISL_414469|2020-03-04	1100
Netherlands	ZuidHolland_1	2020|EPI_ISL_414444|2020-03-02	1100
Netherlands	ZuidHolland_13	2020|EPI_ISL_414470|2020-03-06	1100
Netherlands	ZuidHolland_14	2020|EPI_ISL_414471|2020-03-05	1100
Netherlands	ZuidHolland_15	2020|EPI_ISL_414557|2020-03-08	1100
Netherlands	ZuidHolland_16	2020|EPI_ISL_414558|2020-03-06	1100
Netherlands	ZuidHolland_17	2020|EPI_ISL_414559|2020-03-07	1100
Netherlands	ZuidHolland_18	2020|EPI_ISL_414560|2020-03-03	1100
Netherlands	ZuidHolland_19	2020|EPI_ISL_414561|2020-03-05	1100
Netherlands	ZuidHolland_20	2020|EPI_ISL_414562|2020-03-03	1100
Netherlands	ZuidHolland_2	2020|EPI_ISL_414556|2020-03-06	1100
Netherlands	ZuidHolland_22	2020|EPI_ISL_414564|2020-03-08	1100
Netherlands	ZuidHolland_24	2020|EPI_ISL_414566|2020-03-06	1100
Netherlands	ZuidHolland_25	2020|EPI_ISL_415529|2020-03-09	1100
Netherlands	ZuidHolland_26	2020|EPI_ISL_415530|2020-03-09	1100
Netherlands	ZuidHolland_27	2020|EPI_ISL_415531|2020-03-09	1100
Netherlands	ZuidHolland_28	2020|EPI_ISL_415532|2020-03-09	1100
Netherlands	ZuidHolland_29	2020|EPI_ISL_415533|2020-03-09	1100
Netherlands	ZuidHolland_31	2020|EPI_ISL_415535|2020-03-12	1100
Netherlands	ZuidHolland_8	2020|EPI_ISL_414468|2020-03-06	1100
Netherlands	ZuidHolland_9	2020|EPI_ISL_414445|2020-03-03	1100
New-Zealand	01	2020|EPI_ISL_413490|2020-02-27	1100
New-Zealand	20VR0189	2020|EPI_ISL_416519|2020-03-02	1100
New-Zealand	20VR0275	2020|EPI_ISL_416538|2020-03-15	0011
New-Zealand	20VR0276	2020|EPI_ISL_416539|2020-03-15	0011
Nonthaburi	61	2020|EPI_ISL_403962|2020-01-08	1100
Nonthaburi	74	2020|EPI_ISL_403963|2020-01-13	1100
Pakistan	Gilgit1	2020|EPI_ISL_417444|2020-03-04	1100
Panama	328677	2020|EPI_ISL_415152|2020-03-06	1100
pangolin	Guangdong	1	2019|EPI_ISL_410721|2019	0011
Peru	010	2020|EPI_ISL_415787|2020-03-10	1100
Poland	PL_P1	2020|EPI_ISL_416488|2020-03-03	1100
Portugal	CV62	2020|EPI_ISL_413647|2020-03-01	1100
Portugal	CV63	2020|EPI_ISL_413648|2020-03-01	1100
Russia	StPetersburg-3524	2020|EPI_ISL_415710|2020-03-15	1100
Saudi-Arabia	KAIMRC-Alghoribi	2020|EPI_ISL_416432|2020-03-07	1100
Saudi-Arabia	SCDC-3321	2020|EPI_ISL_416521|2020-03-10	1100
Saudi-Arabia	SCDC-3324	2020|EPI_ISL_416522|2020-03-10	1100
Scotland	CVR05	2020|EPI_ISL_414027|2020-03-04	1100
Scotland	CVR07	2020|EPI_ISL_415630|2020-03-09	1100
Scotland	CVR10	2020|EPI_ISL_415631|2020-03-10	1100
Scotland	EDB003	2020|EPI_ISL_415640|2020-03-08	1100
Scotland	EDB004	2020|EPI_ISL_415629|2020-03-04	1100
Shandong	IVDC-SD-001	2020|EPI_ISL_408482|2020-01-19	1100
Shandong	LY003	2020|EPI_ISL_414936|2020-01-23	0011
Shandong	LY004	2020|EPI_ISL_414937|2020-01-26	0011
Shandong	LY005	2020|EPI_ISL_414938|2020-01-24	0011
Shandong	LY007	2020|EPI_ISL_414940|2020-01-25	0011
Shandong	LY008	2020|EPI_ISL_414941|2020-01-30	0011
Shanghai	SH0002	2020|EPI_ISL_416316|2020-01-25	0011
Shanghai	SH0003	2020|EPI_ISL_416317|2020-01-25	0011
Shanghai	SH0004	2020|EPI_ISL_416318|2020-01-28	0011
Shanghai	SH0005	2020|EPI_ISL_416319|2020-01-28	0011
Shanghai	SH0007	2020|EPI_ISL_416320|2020-01-28	1100
Shanghai	SH0008	2020|EPI_ISL_416321|2020-01-28	1100
Shanghai	SH0009	2020|EPI_ISL_416322|2020-01-29	0011
Shanghai	SH0010	2020|EPI_ISL_416323|2020-01-29	0011
Shanghai	SH0011	2020|EPI_ISL_416324|2020-01-29	1100
Shanghai	SH0012	2020|EPI_ISL_416325|2020-02-02	1100
Shanghai	SH0013	2020|EPI_ISL_416326|2020-01-30	0011
Shanghai	SH0020	2020|EPI_ISL_416329|2020-02-01	1100
Shanghai	SH0021	2020|EPI_ISL_416330|2020-02-02	0011
Shanghai	SH0022	2020|EPI_ISL_416331|2020-01-30	1100
Shanghai	SH0023	2020|EPI_ISL_416332|2020-01-30	1100
Shanghai	SH0024	2020|EPI_ISL_416333|2020-01-30	0011
Shanghai	SH0025	2020|EPI_ISL_416334|2020-02-06	1100
Shanghai	SH0026	2020|EPI_ISL_416335|2020-02-02	0011
Shanghai	SH0027	2020|EPI_ISL_416336|2020-02-01	1100
Shanghai	SH0028	2020|EPI_ISL_416337|2020-02-04	1100
Shanghai	SH0029	2020|EPI_ISL_416338|2020-02-01	0011
Shanghai	SH0030	2020|EPI_ISL_416339|2020-02-03	0011
Shanghai	SH0031	2020|EPI_ISL_416340|2020-02-02	1100
Shanghai	SH0032	2020|EPI_ISL_416341|2020-02-01	0011
Shanghai	SH0033	2020|EPI_ISL_416342|2020-02-04	1100
Shanghai	SH0039	2020|EPI_ISL_416348|2020-02-06	1100
Shanghai	SH0040	2020|EPI_ISL_416349|2020-01-30	1100
Shanghai	SH0041	2020|EPI_ISL_416350|2020-01-29	0011
Shanghai	SH0043	2020|EPI_ISL_416352|2020-01-30	0011
Shanghai	SH0044	2020|EPI_ISL_416353|2020-02-04	1100
Shanghai	SH0045	2020|EPI_ISL_416354|2020-02-04	1100
Shanghai	SH0047	2020|EPI_ISL_416355|2020-02-04	1100
Shanghai	SH0050	2020|EPI_ISL_416358|2020-02-05	1100
Shanghai	SH0051	2020|EPI_ISL_416359|2020-02-06	1100
Shanghai	SH0053	2020|EPI_ISL_416361|2020-02-01	1100
Shanghai	SH0054	2020|EPI_ISL_416362|2020-02-02	1100
Shanghai	SH0055	2020|EPI_ISL_416363|2020-02-08	1100
Shanghai	SH0056	2020|EPI_ISL_416364|2020-02-08	1100
Shanghai	SH0058	2020|EPI_ISL_416365|2020-01-30	1100
Shanghai	SH0059	2020|EPI_ISL_416366|2020-01-30	0011
Shanghai	SH0060	2020|EPI_ISL_416367|2020-02-01	1100
Shanghai	SH0065	2020|EPI_ISL_416368|2020-02-05	0011
Shanghai	SH0066	2020|EPI_ISL_416369|2020-02-05	1100
Shanghai	SH0067	2020|EPI_ISL_416370|2020-02-01	1100
Shanghai	SH0069	2020|EPI_ISL_416372|2020-02-01	0011
Shanghai	SH0070	2020|EPI_ISL_416373|2020-02-07	1100
Shanghai	SH0073	2020|EPI_ISL_416376|2020-02-05	1100
Shanghai	SH0074	2020|EPI_ISL_416377|2020-02-07	0011
Shanghai	SH0075	2020|EPI_ISL_416378|2020-01-30	0011
Shanghai	SH0076	2020|EPI_ISL_416379|2020-02-01	1100
Shanghai	SH0077	2020|EPI_ISL_416380|2020-02-09	1100
Shanghai	SH0079	2020|EPI_ISL_416381|2020-02-01	0011
Shanghai	SH0080	2020|EPI_ISL_416382|2020-02-08	1100
Shanghai	SH0083	2020|EPI_ISL_416384|2020-02-04	1100
Shanghai	SH0088	2020|EPI_ISL_416387|2020-02-01	1100
Shanghai	SH0093	2020|EPI_ISL_416389|2020-01-21	1100
Shanghai	SH0094	2020|EPI_ISL_416390|2020-01-31	1100
Shanghai	SH0101	2020|EPI_ISL_416393|2020-02-09	1100
Shanghai	SH0102	2020|EPI_ISL_416394|2020-02-14	1100
Shanghai	SH0106	2020|EPI_ISL_416396|2020-02-10	1100
Shanghai	SH0107	2020|EPI_ISL_416397|2020-02-02	1100
Shanghai	SH0109	2020|EPI_ISL_416398|2020-02-02	1100
Shanghai	SH0110	2020|EPI_ISL_416399|2020-02-13	1100
Shanghai	SH0112	2020|EPI_ISL_416400|2020-02-02	1100
Shanghai	SH0114	2020|EPI_ISL_416401|2020-02-02	1100
Shanghai	SH0115	2020|EPI_ISL_416402|2020-02-11	0011
Shanghai	SH0117	2020|EPI_ISL_416403|2020-02-02	0011
Shanghai	SH0119	2020|EPI_ISL_416404|2020-02-09	1100
Shanghai	SH01	2020|EPI_ISL_414510|2020-02-02	1100
Shanghai	SH0121	2020|EPI_ISL_416405|2020-02-02	1100
Shanghai	SH0125	2020|EPI_ISL_416406|2020-02-15	1100
Shanghai	SH0126	2020|EPI_ISL_416407|2020-02-15	1100
Shanghai	SH0128	2020|EPI_ISL_416409|2020-02-02	0011
Shenzhen	HKU-SZ-002	2020|EPI_ISL_406030|2020-01-10	0011
Shenzhen	HKU-SZ-005	2020|EPI_ISL_405839|2020-01-11	0011
Shenzhen	SZTH-002	2020|EPI_ISL_406593|2020-01-13	0011
Shenzhen	SZTH-003	2020|EPI_ISL_406594|2020-01-16	1100
Shenzhen	SZTH-004	2020|EPI_ISL_406595|2020-01-16	1100
Sichuan	IVDC-SC-001	2020|EPI_ISL_408484|2020-01-15	0011
Singapore	10	2020|EPI_ISL_410716|2020-02-04	1100
Singapore	11	2020|EPI_ISL_410719|2020-02-02	1100
Singapore	1	2020|EPI_ISL_406973|2020-01-23	1100
Singapore	2	2020|EPI_ISL_407987|2020-01-25	1100
Singapore	3	2020|EPI_ISL_407988|2020-02-01	1100
Singapore	4	2020|EPI_ISL_410535|2020-02-03	0011
Singapore	5	2020|EPI_ISL_410536|2020-02-06	1100
Singapore	6	2020|EPI_ISL_410537|2020-02-09	1100
Singapore	7	2020|EPI_ISL_410713|2020-01-27	1100
Singapore	8	2020|EPI_ISL_410714|2020-02-03	1100
Singapore	9	2020|EPI_ISL_410715|2020-02-04	1100
South-Africa	R03006-20	2020|EPI_ISL_417186|2020-03-21	1100
South-Korea	KCDC03	2020|EPI_ISL_407193|2020-01-25	0011
South-Korea	KCDC05	2020|EPI_ISL_412869|2020-01-30	0011
South-Korea	KCDC06	2020|EPI_ISL_412870|2020-01-30	0011
South-Korea	KCDC07	2020|EPI_ISL_412871|2020-01-31	0011
South-Korea	KCDC12	2020|EPI_ISL_412872|2020-02-01	1100
South-Korea	KCDC24	2020|EPI_ISL_412873|2020-02-06	0011
South-Korea	KUMC01	2020|EPI_ISL_413017|2020-02-06	1001
South-Korea	KUMC02	2020|EPI_ISL_413018|2020-02-06	1100
South-Korea	KUMC03	2020|EPI_ISL_413513|2020-02-27	0011
South-Korea	KUMC04	2020|EPI_ISL_413514|2020-02-27	0011
South-Korea	KUMC05	2020|EPI_ISL_413515|2020-02-27	0011
South-Korea	KUMC06	2020|EPI_ISL_413516|2020-02-27	0011
South-Korea	SNU01	2020|EPI_ISL_411929|2020-01	1100
Spain	CastillayLeon201437	2020|EPI_ISL_416994|2020-03-04	0011
Spain	Galicia201663	2020|EPI_ISL_417007|2020-03-07	1100
Spain	Madrid201442	2020|EPI_ISL_417010|2020-03-04	1100
Spain	Valencia5	2020|EPI_ISL_416484|2020-02-27	0011
Spain	Valencia6	2020|EPI_ISL_416485|2020-02-27	0011
Spain	Valencia7	2020|EPI_ISL_416486|2020-03-02	1100
Spain	Valencia8	2020|EPI_ISL_416487|2020-03-04	0011
Sweden	01	2020|EPI_ISL_411951|2020-02-07	1100
Switzerland	1000477377	2020|EPI_ISL_413020|2020-02-27	1100
Switzerland	1000477757	2020|EPI_ISL_413021|2020-02-29	1100
Switzerland	1000477796	2020|EPI_ISL_413022|2020-02-29	1100
Switzerland	1000477797	2020|EPI_ISL_413023|2020-02-29	1100
Switzerland	1000477806	2020|EPI_ISL_413024|2020-02-29	1100
Switzerland	AG0361	2020|EPI_ISL_413999|2020-02-27	1100
Switzerland	AG7120	2020|EPI_ISL_415457|2020-02-29	1100
Switzerland	BE2536	2020|EPI_ISL_415704|2020-03-04	1100
Switzerland	BE6651	2020|EPI_ISL_415456|2020-02-29	1100
Switzerland	BL0902	2020|EPI_ISL_414021|2020-02-27	1100
Switzerland	BS0914	2020|EPI_ISL_415701|2020-03-02	1100
Switzerland	GE0199	2020|EPI_ISL_415455|2020-02-28	1100
Switzerland	GE06207	2020|EPI_ISL_415706|2020-03-06	1100
Switzerland	GE1402	2020|EPI_ISL_415700|2020-02-28	1100
Switzerland	GE1422	2020|EPI_ISL_415454|2020-02-28	1100
Switzerland	GE3121	2020|EPI_ISL_414019|2020-02-27	1100
Switzerland	GE3895	2020|EPI_ISL_413997|2020-02-26	1100
Switzerland	GE4135	2020|EPI_ISL_415705|2020-03-06	1100
Switzerland	GE4984	2020|EPI_ISL_415708|2020-03-07	1100
Switzerland	GE5373	2020|EPI_ISL_414020|2020-02-27	1100
Switzerland	GE6679	2020|EPI_ISL_415707|2020-03-08	1100
Switzerland	GE8102	2020|EPI_ISL_415458|2020-03-01	1100
Switzerland	GE9586	2020|EPI_ISL_414022|2020-02-27	1100
Switzerland	GR2988	2020|EPI_ISL_415698|2020-02-27	1100
Switzerland	GR3043	2020|EPI_ISL_415699|2020-02-27	1100
Switzerland	SZ1417	2020|EPI_ISL_415702|2020-03-02	1100
Switzerland	TI2045	2020|EPI_ISL_415703|2020-03-01	1100
Switzerland	TI9486	2020|EPI_ISL_413996|2020-02-24	1100
Switzerland	VD0503	2020|EPI_ISL_415459|2020-02-29	1100
Switzerland	VD5615	2020|EPI_ISL_414023|2020-03-01	1100
Taiwan	2	2020|EPI_ISL_406031|2020-01-23	1100
Taiwan	3	2020|EPI_ISL_411926|2020-01-24	0011
Taiwan	4	2020|EPI_ISL_411927|2020-01-28	1100
Taiwan	CGMH-CGU-01	2020|EPI_ISL_411915|2020-01-25	1100
Taiwan	CGMH-CGU-03	2020|EPI_ISL_415741|2020-02-26	1100
Taiwan	CGMH-CGU-04	2020|EPI_ISL_415742|2020-02-27	1100
Taiwan	CGMH-CGU-05	2020|EPI_ISL_415743|2020-02-27	1100
Taiwan	NTU01	2020|EPI_ISL_408489|2020-01-31	0011
Taiwan	NTU02	2020|EPI_ISL_410218|2020-02-05	1100
Taiwan	NTU03	2020|EPI_ISL_413592|2020-03-02	1100
Tianmen	HBCDC-HB-07	2020|EPI_ISL_412983|2020-02-08	0011
USA	AZ1	2020|EPI_ISL_406223|2020-01-22	0011
USA	CA1	2020|EPI_ISL_406034|2020-01-23	0011
USA	CA2	2020|EPI_ISL_406036|2020-01-22	1100
USA	CA3	2020|EPI_ISL_408008|2020-01-29	1100
USA	CA4	2020|EPI_ISL_408009|2020-01-29	1100
USA	CA5	2020|EPI_ISL_408010|2020-01-29	1100
USA	CA7	2020|EPI_ISL_411954|2020-02-06	0011
USA	CA8	2020|EPI_ISL_411955|2020-02-10	1100
USA	CA9	2020|EPI_ISL_412862|2020-02-23	1100
USA	CA-CDPH-UC1	2020|EPI_ISL_413557|2020	0011
USA	CA-CDPH-UC2	2020|EPI_ISL_413558|2020-02-27	1100
USA	CA-CDPH-UC26	2020|EPI_ISL_417330|2020-03-13	1100
USA	CA-CDPH-UC3	2020|EPI_ISL_413559|2020-02-27	1100
USA	CA-CDPH-UC4	2020|EPI_ISL_413561|2020-02-27	1100
USA	CA-CDPH-UC6	2020|EPI_ISL_413924|2020-03-05	0011
USA	CA-CDPH-UC7	2020|EPI_ISL_413925|2020-03-05	0011
USA	CA-CDPH-UC9	2020|EPI_ISL_413928|2020-03-05	0011
USA	CA-MG0987	2020|EPI_ISL_416457|2020-03-18	1100
USA	CA-PC101P	2020|EPI_ISL_414648|2020-03-11	1100
USA	CA-SCCPHD-UC14	2020|EPI_ISL_417318|2020-02-29	1100
USA	CA-SCCPHD-UC16	2020|EPI_ISL_417320|2020-03-04	1100
USA	CruiseA-10	2020|EPI_ISL_413615|2020-02-17	1100
USA	CruiseA-11	2020|EPI_ISL_413616|2020-02-17	1100
USA	CruiseA-1	2020|EPI_ISL_413606|2020-02-17	1100
USA	CruiseA-12	2020|EPI_ISL_413617|2020-02-20	1100
USA	CruiseA-13	2020|EPI_ISL_413618|2020-02-20	1100
USA	CruiseA-14	2020|EPI_ISL_413619|2020-02-25	1100
USA	CruiseA-15	2020|EPI_ISL_413620|2020-02-18	1100
USA	CruiseA-16	2020|EPI_ISL_413621|2020-02-18	1100
USA	CruiseA-17	2020|EPI_ISL_413622|2020-02-24	1100
USA	CruiseA-19	2020|EPI_ISL_414479|2020-02-18	1100
USA	CruiseA-21	2020|EPI_ISL_414480|2020-02-21	1100
USA	CruiseA-2	2020|EPI_ISL_413607|2020-02-18	1100
USA	CruiseA-22	2020|EPI_ISL_414481|2020-02-21	1100
USA	CruiseA-23	2020|EPI_ISL_414482|2020-02-18	1100
USA	CruiseA-24	2020|EPI_ISL_414483|2020-02-17	1100
USA	CruiseA-25	2020|EPI_ISL_414484|2020-02-17	1100
USA	CruiseA-26	2020|EPI_ISL_414485|2020-02-24	1100
USA	CruiseA-3	2020|EPI_ISL_413608|2020-02-18	1100
USA	CruiseA-4	2020|EPI_ISL_413609|2020-02-21	1100
USA	CruiseA-5	2020|EPI_ISL_413610|2020-02-21	1100
USA	CruiseA-6	2020|EPI_ISL_413611|2020-02-21	1100
USA	CruiseA-7	2020|EPI_ISL_413612|2020-02-17	1100
USA	CruiseA-8	2020|EPI_ISL_413613|2020-02-17	1100
USA	CruiseA-9	2020|EPI_ISL_413614|2020-02-17	1100
USA	IL1	2020|EPI_ISL_404253|2020-01-21	0000
USA	IL2	2020|EPI_ISL_410045|2020-01-28	0011
USA	MA1	2020|EPI_ISL_409067|2020-01-29	1100
USA	MN25-MDH25	2020|EPI_ISL_417192|2020-03-12	1100
USA	MN26-MDH26	2020|EPI_ISL_417194|2020-03-12	0011
USA	MN29-MDH29	2020|EPI_ISL_417196|2020-03-11	1100
USA	MN2-MDH2	2020|EPI_ISL_414589|2020-03-07	1100
USA	MN30-MDH30	2020|EPI_ISL_417198|2020-03-12	1100
USA	MN31-MDH31	2020|EPI_ISL_417469|2020-03-12	1100
USA	MN32-MDH32	2020|EPI_ISL_417470|2020-03-12	1100
USA	MN35-MDH35	2020|EPI_ISL_417472|2020-03-12	1100
USA	MN36-MDH36	2020|EPI_ISL_417473|2020-03-13	1100
USA	MN38-MDH38	2020|EPI_ISL_417474|2020-03-12	1100
USA	MN39-MDH39	2020|EPI_ISL_417475|2020-03-12	1100
USA	MN3-MDH3	2020|EPI_ISL_414590|2020-03-09	0011
USA	MN40-MDH40	2020|EPI_ISL_417476|2020-03-12	1100
USA	MN41-MDH41	2020|EPI_ISL_417477|2020-03-12	0011
USA	MN42-MDH42	2020|EPI_ISL_417478|2020-03-13	1100
USA	MN43-MDH43	2020|EPI_ISL_417479|2020-03-12	1100
USA	MN44-MDH44	2020|EPI_ISL_417480|2020-03-12	0011
USA	NY1-PV08001	2020|EPI_ISL_414476|2020-02-29	1100
USA	NY2-PV08100	2020|EPI_ISL_415151|2020-03-04	0011
USA	NY-NYUMC2	2020|EPI_ISL_416830|2020-03-16	1100
USA	NY-NYUMC3	2020|EPI_ISL_416831|2020-03-16	1100
USA	NY-NYUMC4	2020|EPI_ISL_416832|2020-03-16	1100
USA	TX1	2020|EPI_ISL_411956|2020-02-11	0011
USA	UC-CDPH-UC11	2020|EPI_ISL_413931|2020-03-05	0011
USA	UPHL-01	2020|EPI_ISL_415539|2020-03-13	1100
USA	UPHL-03	2020|EPI_ISL_415541|2020-03-13	0011
USA	UPHL-04	2020|EPI_ISL_415542|2020-03-13	0011
USA	UPHL-05	2020|EPI_ISL_415543|2020-03-13	1100
USA	UPHL-06	2020|EPI_ISL_415544|2020-03-13	1100
USA	UT-00008	2020|EPI_ISL_417026|2020-03-20	1100
USA	UT-00020	2020|EPI_ISL_417028|2020-03-20	0011
USA	WA11-UW7	2020|EPI_ISL_413562|2020-03-02	0011
USA	WA1	2020|EPI_ISL_404895|2020-01-19	0011
USA	WA12-UW8	2020|EPI_ISL_413563|2020-03-03	0011
USA	WA13-UW9	2020|EPI_ISL_413601|2020-03-02	0011
USA	WA1-A12	2020|EPI_ISL_407214|2020-01-25	0011
USA	WA1-F6	2020|EPI_ISL_407215|2020-01-25	0011
USA	WA2	2020|EPI_ISL_412970|2020-02-24	0011
USA	WA3-UW1	2020|EPI_ISL_413025|2020-02-27	1100
USA	WA4-UW2	2020|EPI_ISL_413455|2020-02-28	0011
USA	WA6-UW3	2020|EPI_ISL_413457|2020-02-29	0011
USA	WA7-UW4	2020|EPI_ISL_413458|2020-03-01	0011
USA	WA8-UW5	2020|EPI_ISL_413486|2020-03-01	0011
USA	WA9-UW6	2020|EPI_ISL_413487|2020-03-01	0011
USA	WA-S100	2020|EPI_ISL_417153|2020-02-29	0011
USA	WA-S101	2020|EPI_ISL_417154|2020-02-28	0011
USA	WA-S10	2020|EPI_ISL_416465|2020-02-29	0011
USA	WA-S102	2020|EPI_ISL_417155|2020-02-28	0011
USA	WA-S103	2020|EPI_ISL_417156|2020-02-28	0011
USA	WA-S104	2020|EPI_ISL_417157|2020-03-05	0011
USA	WA-S105	2020|EPI_ISL_417158|2020-02-28	0011
USA	WA-S106	2020|EPI_ISL_417159|2020-02-29	0011
USA	WA-S107	2020|EPI_ISL_417160|2020-02-29	0011
USA	WA-S108	2020|EPI_ISL_417161|2020-02-29	0011
USA	WA-S109	2020|EPI_ISL_417162|2020-03-01	0011
USA	WA-S110	2020|EPI_ISL_417163|2020-03-05	0011
USA	WA-S111	2020|EPI_ISL_417164|2020-03-07	0011
USA	WA-S11	2020|EPI_ISL_416466|2020-03-03	0011
USA	WA-S112	2020|EPI_ISL_417165|2020-03-08	0011
USA	WA-S114	2020|EPI_ISL_417167|2020-03-05	0011
USA	WA-S115	2020|EPI_ISL_417168|2020-02-29	0011
USA	WA-S116	2020|EPI_ISL_417169|2020-03-02	0011
USA	WA-S117	2020|EPI_ISL_417170|2020-03-02	0011
USA	WA-S118	2020|EPI_ISL_417171|2020-03-01	0011
USA	WA-S119	2020|EPI_ISL_417172|2020-02-29	0011
USA	WA-S12	2020|EPI_ISL_417065|2020-03-03	0011
USA	WA-S122	2020|EPI_ISL_417175|2020-03-02	0011
USA	WA-S13	2020|EPI_ISL_417066|2020-03-03	0011
USA	WA-S15	2020|EPI_ISL_417068|2020-03-02	0011
USA	WA-S16	2020|EPI_ISL_417069|2020-03-03	0011
USA	WA-S17	2020|EPI_ISL_417070|2020-03-03	0011
USA	WA-S18	2020|EPI_ISL_417071|2020-03-03	0011
USA	WA-S19	2020|EPI_ISL_417072|2020-03-02	0011
USA	WA-S20	2020|EPI_ISL_417073|2020-03-02	0011
USA	WA-S21	2020|EPI_ISL_417074|2020-03-02	0011
USA	WA-S2	2020|EPI_ISL_413456|2020-02-20	0011
USA	WA-S22	2020|EPI_ISL_417075|2020-03-02	0011
USA	WA-S23	2020|EPI_ISL_417076|2020-03-02	0011
USA	WA-S24	2020|EPI_ISL_417077|2020-03-02	0011
USA	WA-S26	2020|EPI_ISL_417079|2020-03-02	0011
USA	WA-S28	2020|EPI_ISL_417081|2020-03-02	0011
USA	WA-S29	2020|EPI_ISL_417082|2020-03-02	0011
USA	WA-S3	2020|EPI_ISL_413560|2020-02-28	0011
USA	WA-S32	2020|EPI_ISL_417085|2020-03-02	0011
USA	WA-S33	2020|EPI_ISL_417086|2020-03-01	0011
USA	WA-S34	2020|EPI_ISL_417087|2020-03-02	0011
USA	WA-S35	2020|EPI_ISL_417088|2020-03-02	0001
USA	WA-S36	2020|EPI_ISL_417089|2020-03-02	0011
USA	WA-S38	2020|EPI_ISL_417091|2020-03-04	0011
USA	WA-S39	2020|EPI_ISL_417092|2020-03-04	0011
USA	WA-S40	2020|EPI_ISL_417093|2020-02-28	0011
USA	WA-S42	2020|EPI_ISL_417095|2020-02-28	0011
USA	WA-S43	2020|EPI_ISL_417096|2020-02-27	0011
USA	WA-S44	2020|EPI_ISL_417097|2020-02-28	0011
USA	WA-S45	2020|EPI_ISL_417098|2020-02-29	0011
USA	WA-S46	2020|EPI_ISL_417099|2020-02-29	0011
USA	WA-S47	2020|EPI_ISL_417100|2020-02-29	0011
USA	WA-S48	2020|EPI_ISL_417101|2020-02-29	0011
USA	WA-S49	2020|EPI_ISL_417102|2020-03-04	0011
USA	WA-S50	2020|EPI_ISL_417103|2020-03-05	0011
USA	WA-S51	2020|EPI_ISL_417104|2020-03-03	0011
USA	WA-S5	2020|EPI_ISL_416460|2020-02-29	0011
USA	WA-S52	2020|EPI_ISL_417105|2020-03-03	0011
USA	WA-S53	2020|EPI_ISL_417106|2020-03-03	0011
USA	WA-S54	2020|EPI_ISL_417107|2020-03-05	0011
USA	WA-S55	2020|EPI_ISL_417108|2020-02-29	0011
USA	WA-S56	2020|EPI_ISL_417109|2020-03-05	0001
USA	WA-S57	2020|EPI_ISL_417110|2020-03-03	0011
USA	WA-S58	2020|EPI_ISL_417111|2020-03-05	0011
USA	WA-S59	2020|EPI_ISL_417112|2020-03-02	0011
USA	WA-S61	2020|EPI_ISL_417114|2020-03-05	0011
USA	WA-S6	2020|EPI_ISL_416461|2020-02-29	0011
USA	WA-S62	2020|EPI_ISL_417115|2020-03-03	0011
USA	WA-S63	2020|EPI_ISL_417116|2020-03-04	0011
USA	WA-S64	2020|EPI_ISL_417117|2020-03-03	0011
USA	WA-S65	2020|EPI_ISL_417118|2020-03-03	0011
USA	WA-S66	2020|EPI_ISL_417119|2020-03-06	0011
USA	WA-S67	2020|EPI_ISL_417120|2020-03-04	0011
USA	WA-S68	2020|EPI_ISL_417121|2020-03-04	0011
USA	WA-S69	2020|EPI_ISL_417122|2020-03-05	0011
USA	WA-S70	2020|EPI_ISL_417123|2020-03-05	0011
USA	WA-S71	2020|EPI_ISL_417124|2020-03-05	0011
USA	WA-S7	2020|EPI_ISL_416462|2020-02-24	0011
USA	WA-S72	2020|EPI_ISL_417125|2020-03-06	0011
USA	WA-S73	2020|EPI_ISL_417126|2020-03-05	0011
USA	WA-S74	2020|EPI_ISL_417127|2020-03-05	0011
USA	WA-S75	2020|EPI_ISL_417128|2020-03-05	0011
USA	WA-S76	2020|EPI_ISL_417129|2020-03-05	0011
USA	WA-S77	2020|EPI_ISL_417130|2020-03-05	0011
USA	WA-S79	2020|EPI_ISL_417132|2020-03-05	0011
USA	WA-S80	2020|EPI_ISL_417133|2020-03-05	0011
USA	WA-S81	2020|EPI_ISL_417134|2020-02-26	0011
USA	WA-S82	2020|EPI_ISL_417135|2020-02-22	0011
USA	WA-S83	2020|EPI_ISL_417136|2020-03-05	0011
USA	WA-S84	2020|EPI_ISL_417137|2020-02-21	0011
USA	WA-S86	2020|EPI_ISL_417139|2020-03-01	0011
USA	WA-S87	2020|EPI_ISL_417140|2020-03-01	0011
USA	WA-S88	2020|EPI_ISL_417141|2020-03-01	0011
USA	WA-S89	2020|EPI_ISL_417142|2020-02-29	0011
USA	WA-S90	2020|EPI_ISL_417143|2020-02-29	0011
USA	WA-S91	2020|EPI_ISL_417144|2020-03-02	0011
USA	WA-S92	2020|EPI_ISL_417145|2020-02-29	0011
USA	WA-S93	2020|EPI_ISL_417146|2020-02-29	0011
USA	WA-S94	2020|EPI_ISL_417147|2020-02-28	0011
USA	WA-S95	2020|EPI_ISL_417148|2020-02-28	0011
USA	WA-S96	2020|EPI_ISL_417149|2020-02-28	0011
USA	WA-S97	2020|EPI_ISL_417150|2020-02-28	0011
USA	WA-S98	2020|EPI_ISL_417151|2020-02-29	0011
USA	WA-S99	2020|EPI_ISL_417152|2020-02-28	0011
USA	WA-UW100	2020|EPI_ISL_416638|2020-03-12	0011
USA	WA-UW101	2020|EPI_ISL_416639|2020-03-10	0011
USA	WA-UW103	2020|EPI_ISL_416641|2020-03-11	0011
USA	WA-UW104	2020|EPI_ISL_416642|2020-03-11	1100
USA	WA-UW105	2020|EPI_ISL_416643|2020-03-11	0011
USA	WA-UW106	2020|EPI_ISL_416644|2020-03-11	0011
USA	WA-UW108	2020|EPI_ISL_416646|2020-03-11	1100
USA	WA-UW109	2020|EPI_ISL_416647|2020-03-11	1100
USA	WA-UW110	2020|EPI_ISL_416648|2020-03-11	1100
USA	WA-UW111	2020|EPI_ISL_416649|2020-03-11	0011
USA	WA-UW112	2020|EPI_ISL_416650|2020-03-10	0011
USA	WA-UW113	2020|EPI_ISL_416651|2020-03-11	0011
USA	WA-UW114	2020|EPI_ISL_416652|2020-03-11	0011
USA	WA-UW115	2020|EPI_ISL_416653|2020-03-11	1100
USA	WA-UW116	2020|EPI_ISL_416654|2020-03-11	0011
USA	WA-UW117	2020|EPI_ISL_416655|2020-03-11	1100
USA	WA-UW118	2020|EPI_ISL_416656|2020-03-11	0011
USA	WA-UW119	2020|EPI_ISL_416657|2020-03-11	0011
USA	WA-UW120	2020|EPI_ISL_416658|2020-03-11	1100
USA	WA-UW121	2020|EPI_ISL_416659|2020-03-11	0011
USA	WA-UW122	2020|EPI_ISL_416660|2020-03-10	1100
USA	WA-UW123	2020|EPI_ISL_416661|2020-03-12	1100
USA	WA-UW124	2020|EPI_ISL_416662|2020-03-12	0011
USA	WA-UW125	2020|EPI_ISL_416663|2020-03-12	0011
USA	WA-UW126	2020|EPI_ISL_416664|2020-03-12	0011
USA	WA-UW127	2020|EPI_ISL_416665|2020-03-12	0011
USA	WA-UW128	2020|EPI_ISL_416666|2020-03-12	0011
USA	WA-UW129	2020|EPI_ISL_416667|2020-03-12	0011
USA	WA-UW130	2020|EPI_ISL_416668|2020-03-11	0011
USA	WA-UW131	2020|EPI_ISL_416669|2020-03-11	0011
USA	WA-UW133	2020|EPI_ISL_416671|2020-03-12	1100
USA	WA-UW134	2020|EPI_ISL_416672|2020-03-10	1100
USA	WA-UW135	2020|EPI_ISL_416673|2020-03-11	1100
USA	WA-UW136	2020|EPI_ISL_416674|2020-03-11	1100
USA	WA-UW137	2020|EPI_ISL_416675|2020-03-11	1100
USA	WA-UW138	2020|EPI_ISL_416676|2020-03-11	1100
USA	WA-UW139	2020|EPI_ISL_416677|2020-03-12	0011
USA	WA-UW140	2020|EPI_ISL_416678|2020-03-11	1100
USA	WA-UW141	2020|EPI_ISL_416679|2020-03-11	0011
USA	WA-UW142	2020|EPI_ISL_416680|2020-03-11	0011
USA	WA-UW143	2020|EPI_ISL_416681|2020-03-11	0011
USA	WA-UW144	2020|EPI_ISL_416682|2020-03-09	0011
USA	WA-UW145	2020|EPI_ISL_416683|2020-03-15	0011
USA	WA-UW146	2020|EPI_ISL_416684|2020-03-14	0011
USA	WA-UW147	2020|EPI_ISL_416685|2020-03-15	0011
USA	WA-UW148	2020|EPI_ISL_416686|2020-03-14	0011
USA	WA-UW149	2020|EPI_ISL_416687|2020-03-14	0011
USA	WA-UW150	2020|EPI_ISL_416688|2020-03-14	0011
USA	WA-UW15	2020|EPI_ISL_414363|2020-03-04	0011
USA	WA-UW152	2020|EPI_ISL_416690|2020-03-13	0011
USA	WA-UW153	2020|EPI_ISL_416691|2020-03-13	1100
USA	WA-UW154	2020|EPI_ISL_416692|2020-03-14	0011
USA	WA-UW155	2020|EPI_ISL_416693|2020-03-12	1100
USA	WA-UW156	2020|EPI_ISL_416694|2020-03-13	0011
USA	WA-UW158	2020|EPI_ISL_416696|2020-03-13	0011
USA	WA-UW159	2020|EPI_ISL_416697|2020-03-13	1100
USA	WA-UW160	2020|EPI_ISL_416698|2020-03-13	1100
USA	WA-UW161	2020|EPI_ISL_416699|2020-03-13	1100
USA	WA-UW162	2020|EPI_ISL_416700|2020-03-13	0011
USA	WA-UW163	2020|EPI_ISL_416701|2020-03-13	0011
USA	WA-UW164	2020|EPI_ISL_416702|2020-03-13	0011
USA	WA-UW165	2020|EPI_ISL_416703|2020-03-13	0011
USA	WA-UW167	2020|EPI_ISL_416705|2020-03-13	0011
USA	WA-UW168	2020|EPI_ISL_416706|2020-03-13	1100
USA	WA-UW169	2020|EPI_ISL_416707|2020-03-14	1100
USA	WA-UW170	2020|EPI_ISL_416708|2020-03-14	1100
USA	WA-UW171	2020|EPI_ISL_416709|2020-03-13	0011
USA	WA-UW172	2020|EPI_ISL_416710|2020-03-13	0011
USA	WA-UW173	2020|EPI_ISL_416711|2020-03-15	0011
USA	WA-UW174	2020|EPI_ISL_416712|2020-03-14	0011
USA	WA-UW175	2020|EPI_ISL_416713|2020-03-15	0011
USA	WA-UW176	2020|EPI_ISL_416714|2020-03-14	0011
USA	WA-UW177	2020|EPI_ISL_416715|2020-03-15	0011
USA	WA-UW178	2020|EPI_ISL_416716|2020-03-13	1100
USA	WA-UW179	2020|EPI_ISL_416717|2020-03-15	0011
USA	WA-UW180	2020|EPI_ISL_416718|2020-03-14	0011
USA	WA-UW181	2020|EPI_ISL_416719|2020-03-14	1100
USA	WA-UW18	2020|EPI_ISL_414366|2020-03-05	0011
USA	WA-UW182	2020|EPI_ISL_416720|2020-03-13	0011
USA	WA-UW183	2020|EPI_ISL_416721|2020-03-13	0011
USA	WA-UW184	2020|EPI_ISL_416722|2020-03-12	0011
USA	WA-UW185	2020|EPI_ISL_416723|2020-03-14	1100
USA	WA-UW186	2020|EPI_ISL_416724|2020-03-13	1100
USA	WA-UW187	2020|EPI_ISL_416725|2020-03-13	1100
USA	WA-UW188	2020|EPI_ISL_416726|2020-03-13	0011
USA	WA-UW189	2020|EPI_ISL_416727|2020-03-13	0011
USA	WA-UW190	2020|EPI_ISL_416728|2020-03-13	0011
USA	WA-UW191	2020|EPI_ISL_416729|2020-03-13	1100
USA	WA-UW19	2020|EPI_ISL_414367|2020-03-05	0011
USA	WA-UW192	2020|EPI_ISL_417341|2020-03-13	1100
USA	WA-UW193	2020|EPI_ISL_417342|2020-03-13	1100
USA	WA-UW194	2020|EPI_ISL_417343|2020-03-13	1100
USA	WA-UW195	2020|EPI_ISL_417344|2020-03-13	0011
USA	WA-UW196	2020|EPI_ISL_417345|2020-03-13	1100
USA	WA-UW197	2020|EPI_ISL_417346|2020-03-12	1100
USA	WA-UW198	2020|EPI_ISL_417347|2020-03-12	0011
USA	WA-UW199	2020|EPI_ISL_417348|2020-03-13	0011
USA	WA-UW201	2020|EPI_ISL_417350|2020-03-12	0011
USA	WA-UW20	2020|EPI_ISL_414368|2020-03-05	0011
USA	WA-UW202	2020|EPI_ISL_417351|2020-03-12	0011
USA	WA-UW203	2020|EPI_ISL_417352|2020-03-12	1100
USA	WA-UW204	2020|EPI_ISL_417353|2020-03-13	0011
USA	WA-UW205	2020|EPI_ISL_417354|2020-03-13	0011
USA	WA-UW206	2020|EPI_ISL_417355|2020-03-13	0011
USA	WA-UW207	2020|EPI_ISL_417356|2020-03-13	0011
USA	WA-UW209	2020|EPI_ISL_417358|2020-03-13	0011
USA	WA-UW210	2020|EPI_ISL_417359|2020-03-14	1100
USA	WA-UW211	2020|EPI_ISL_417360|2020-03-14	0011
USA	WA-UW21	2020|EPI_ISL_414369|2020-03-05	0011
USA	WA-UW212	2020|EPI_ISL_417361|2020-03-14	0011
USA	WA-UW213	2020|EPI_ISL_417362|2020-03-13	1100
USA	WA-UW214	2020|EPI_ISL_417363|2020-03-14	0011
USA	WA-UW215	2020|EPI_ISL_417364|2020-03-12	0011
USA	WA-UW217	2020|EPI_ISL_417366|2020-03-14	0011
USA	WA-UW218	2020|EPI_ISL_417367|2020-03-13	0011
USA	WA-UW219	2020|EPI_ISL_417368|2020-03-13	0011
USA	WA-UW220	2020|EPI_ISL_417369|2020-03-14	0011
USA	WA-UW221	2020|EPI_ISL_417370|2020-03-14	0011
USA	WA-UW22	2020|EPI_ISL_414591|2020-03-06	1100
USA	WA-UW222	2020|EPI_ISL_417371|2020-03-13	0011
USA	WA-UW223	2020|EPI_ISL_417372|2020-03-13	1100
USA	WA-UW224	2020|EPI_ISL_417373|2020-03-13	1100
USA	WA-UW225	2020|EPI_ISL_417374|2020-03-15	0011
USA	WA-UW226	2020|EPI_ISL_417375|2020-03-15	0011
USA	WA-UW227	2020|EPI_ISL_417376|2020-03-15	1100
USA	WA-UW228	2020|EPI_ISL_417377|2020-03-15	0011
USA	WA-UW229	2020|EPI_ISL_417378|2020-03-14	0011
USA	WA-UW230	2020|EPI_ISL_417379|2020-03-15	1100
USA	WA-UW231	2020|EPI_ISL_417380|2020-03-14	0011
USA	WA-UW23	2020|EPI_ISL_414592|2020-03-06	0011
USA	WA-UW232	2020|EPI_ISL_417381|2020-03-14	0011
USA	WA-UW233	2020|EPI_ISL_417382|2020-03-15	1100
USA	WA-UW234	2020|EPI_ISL_417448|2020-03-14	0011
USA	WA-UW235	2020|EPI_ISL_417449|2020-03-14	0011
USA	WA-UW236	2020|EPI_ISL_417450|2020-03-14	0011
USA	WA-UW237	2020|EPI_ISL_417451|2020-03-14	1100
USA	WA-UW238	2020|EPI_ISL_417452|2020-03-14	1100
USA	WA-UW239	2020|EPI_ISL_417453|2020-03-14	0011
USA	WA-UW240	2020|EPI_ISL_417454|2020-03-14	1100
USA	WA-UW241	2020|EPI_ISL_417455|2020-03-14	1100
USA	WA-UW24	2020|EPI_ISL_414593|2020-03-05	0011
USA	WA-UW25	2020|EPI_ISL_414594|2020-03-05	1100
USA	WA-UW26	2020|EPI_ISL_414595|2020-03-05	0011
USA	WA-UW27	2020|EPI_ISL_414596|2020-03-04	0011
USA	WA-UW28	2020|EPI_ISL_414597|2020-03-04	0011
USA	WA-UW29	2020|EPI_ISL_414616|2020-03-08	1100
USA	WA-UW30	2020|EPI_ISL_414617|2020-03-08	0011
USA	WA-UW31	2020|EPI_ISL_414618|2020-03-08	0011
USA	WA-UW32	2020|EPI_ISL_414619|2020-03-07	0011
USA	WA-UW33	2020|EPI_ISL_414620|2020-03-08	0011
USA	WA-UW34	2020|EPI_ISL_414621|2020-03-08	0011
USA	WA-UW35	2020|EPI_ISL_414622|2020-03-08	0011
USA	WA-UW36	2020|EPI_ISL_416453|2020-03-07	0011
USA	WA-UW37	2020|EPI_ISL_416454|2020-03-06	0011
USA	WA-UW38	2020|EPI_ISL_416455|2020-03-07	0011
USA	WA-UW39	2020|EPI_ISL_416456|2020-03-06	0011
USA	WA-UW40	2020|EPI_ISL_415605|2020-03-05	0011
USA	WA-UW41	2020|EPI_ISL_415606|2020-03-08	0011
USA	WA-UW43	2020|EPI_ISL_415608|2020-03-08	0011
USA	WA-UW44	2020|EPI_ISL_415609|2020-03-08	0011
USA	WA-UW45	2020|EPI_ISL_415610|2020-03-08	0011
USA	WA-UW46	2020|EPI_ISL_415611|2020-03-09	0011
USA	WA-UW48	2020|EPI_ISL_415613|2020-03-09	0011
USA	WA-UW49	2020|EPI_ISL_415614|2020-03-09	0011
USA	WA-UW50	2020|EPI_ISL_415615|2020-03-08	0011
USA	WA-UW51	2020|EPI_ISL_415616|2020-03-08	0011
USA	WA-UW52	2020|EPI_ISL_415617|2020-03-09	0011
USA	WA-UW54	2020|EPI_ISL_415619|2020-03-09	0011
USA	WA-UW55	2020|EPI_ISL_415620|2020-03-09	0011
USA	WA-UW56	2020|EPI_ISL_415621|2020-03-09	0011
USA	WA-UW57	2020|EPI_ISL_415622|2020-03-09	0011
USA	WA-UW59	2020|EPI_ISL_415624|2020-03-09	0011
USA	WA-UW60	2020|EPI_ISL_415625|2020-03-09	1100
USA	WA-UW62	2020|EPI_ISL_415627|2020-03-09	0011
USA	WA-UW63	2020|EPI_ISL_415591|2020-03-10	0011
USA	WA-UW64	2020|EPI_ISL_415592|2020-03-09	0011
USA	WA-UW66	2020|EPI_ISL_415594|2020-03-10	0011
USA	WA-UW67	2020|EPI_ISL_415595|2020-03-09	0011
USA	WA-UW68	2020|EPI_ISL_415596|2020-03-09	0011
USA	WA-UW69	2020|EPI_ISL_415597|2020-03-10	1100
USA	WA-UW70	2020|EPI_ISL_415598|2020-03-10	0011
USA	WA-UW71	2020|EPI_ISL_415599|2020-03-09	0011
USA	WA-UW72	2020|EPI_ISL_415600|2020-03-09	0011
USA	WA-UW73	2020|EPI_ISL_415601|2020-03-10	1100
USA	WA-UW74	2020|EPI_ISL_415602|2020-03-10	0011
USA	WA-UW75	2020|EPI_ISL_415603|2020-03-10	0011
USA	WA-UW76	2020|EPI_ISL_415604|2020-03-10	0011
USA	WA-UW77	2020|EPI_ISL_416433|2020-03-10	0011
USA	WA-UW78	2020|EPI_ISL_416434|2020-03-10	1100
USA	WA-UW79	2020|EPI_ISL_416435|2020-03-10	0011
USA	WA-UW80	2020|EPI_ISL_416436|2020-03-10	0011
USA	WA-UW81	2020|EPI_ISL_416437|2020-03-10	0011
USA	WA-UW82	2020|EPI_ISL_416438|2020-03-10	1100
USA	WA-UW83	2020|EPI_ISL_416439|2020-03-10	0011
USA	WA-UW84	2020|EPI_ISL_416440|2020-03-10	0011
USA	WA-UW85	2020|EPI_ISL_416441|2020-03-10	0011
USA	WA-UW86	2020|EPI_ISL_416442|2020-03-10	0011
USA	WA-UW87	2020|EPI_ISL_416443|2020-03-10	0011
USA	WA-UW88	2020|EPI_ISL_416444|2020-03-10	0011
USA	WA-UW89	2020|EPI_ISL_416445|2020-03-10	0011
USA	WA-UW91	2020|EPI_ISL_416447|2020-03-10	0011
USA	WA-UW92	2020|EPI_ISL_416448|2020-03-11	0011
USA	WA-UW93	2020|EPI_ISL_416449|2020-03-11	1100
USA	WA-UW94	2020|EPI_ISL_416450|2020-03-11	0011
USA	WA-UW95	2020|EPI_ISL_416451|2020-03-10	0011
USA	WA-UW96	2020|EPI_ISL_416452|2020-03-10	1100
USA	WA-UW97	2020|EPI_ISL_416635|2020-03-12	0011
USA	WA-UW98	2020|EPI_ISL_416636|2020-03-12	0011
USA	WA-UW99	2020|EPI_ISL_416637|2020-03-12	0011
Vietnam	39607	2020|EPI_ISL_416428|2020-03-07	1100
Vietnam	CM295	2020|EPI_ISL_416430|2020-03-06	1100
Vietnam	CM296	2020|EPI_ISL_416431|2020-03-06	1100
Vietnam	CM99	2020|EPI_ISL_416429|2020-02-11	0011
Vietnam	VR03-38142	2020|EPI_ISL_408668|2020-01-24	0011
Wales	PHW04	2020|EPI_ISL_415041|2020-03-07	1100
Wales	PHW1	2020|EPI_ISL_413555|2020-02-27	1100
Wales	PHW21	2020|EPI_ISL_416026|2020-03-11	1100
Wales	PHW2	2020|EPI_ISL_413556|2020-03-04	1100
Wales	PHW27	2020|EPI_ISL_415655|2020-03-12	1100
Wales	PHW28	2020|EPI_ISL_415659|2020-03-12	1100
Wales	PHW32	2020|EPI_ISL_415920|2020-03-12	1100
Wales	PHW33	2020|EPI_ISL_415656|2020-03-12	1100
Wales	PHW35	2020|EPI_ISL_416024|2020-03-11	1100
Wales	PHW37	2020|EPI_ISL_415657|2020-03-12	1100
Wuhan	HBCDC-HB-01	2019|EPI_ISL_402132|2019-12-30	1100
Wuhan	HBCDC-HB-02	2019|EPI_ISL_412898|2019-12-30	1100
Wuhan	HBCDC-HB-02	2020|EPI_ISL_412978|2020-01-17	0011
Wuhan	HBCDC-HB-03	2019|EPI_ISL_412899|2019-12-30	1100
Wuhan	HBCDC-HB-03	2020|EPI_ISL_412979|2020-01-18	0011
Wuhan	HBCDC-HB-04	2020|EPI_ISL_412980|2020-01-18	0011
Wuhan	HBCDC-HB-05	2020|EPI_ISL_412981|2020-01-18	1100
Wuhan	HBCDC-HB-06	2020|EPI_ISL_412982|2020-02-07	0011
Wuhan-Hu-1	2019|EPI_ISL_402125|2019-12-31	1100
Wuhan	IPBCAMS-WH-01	2019|EPI_ISL_402123|2019-12-24	1100
Wuhan	IPBCAMS-WH-02	2019|EPI_ISL_403931|2019-12-30	1100
Wuhan	IPBCAMS-WH-03	2019|EPI_ISL_403930|2019-12-30	1100
Wuhan	IPBCAMS-WH-04	2019|EPI_ISL_403929|2019-12-30	1100
Wuhan	IPBCAMS-WH-05	2020|EPI_ISL_403928|2020-01-01	1100
Wuhan	IVDC-HB-01	2019|EPI_ISL_402119|2019-12-30	1100
Wuhan	IVDC-HB-04	2020|EPI_ISL_402120|2020-01-01	1100
Wuhan	IVDC-HB-05	2019|EPI_ISL_402121|2019-12-30	1100
Wuhan	IVDC-HB-envF13-20	2020|EPI_ISL_408514|2020-01-01	1100
Wuhan	IVDC-HB-envF13-21	2020|EPI_ISL_408515|2020-01-01	1100
Wuhan	WH01	2019|EPI_ISL_406798|2019-12-26	1100
Wuhan	WH03	2020|EPI_ISL_406800|2020-01-01	1100
Wuhan	WH04	2020|EPI_ISL_406801|2020-01-05	0011
Wuhan	WIV02	2019|EPI_ISL_402127|2019-12-30	1100
Wuhan	WIV04	2019|EPI_ISL_402124|2019-12-30	1100
Wuhan	WIV05	2019|EPI_ISL_402128|2019-12-30	1100
Wuhan	WIV06	2019|EPI_ISL_402129|2019-12-30	1100
Wuhan	WIV07	2019|EPI_ISL_402130|2019-12-30	1100
Yunnan	IVDC-YN-003	2020|EPI_ISL_408480|2020-01-17	0011
Zhejiang	WZ-01	2020|EPI_ISL_404227|2020-01-16	1100
Zhejiang	WZ-02	2020|EPI_ISL_404228|2020-01-17	1100
